,id,created_at,text
0,1616582035375808513,2023-01-20 23:42:46+00:00,RT @JoensMr: @ch_chotimah2 @aniesbaswedan @abu_waras @rahmaniarbaftim @jokowi @ListyoSigitP @mohmahfudmd @CCICPolri @DivHumas_Polri Selagi‚Ä¶
1,1616553039133052929,2023-01-20 21:47:33+00:00,"RT @HumasPolsekWat1: Repost@ Divisi Humas Polri
Ketua Harian Kompolnas Irjen Pol.(Purn) Dr. Benny Jozua Mamoto, S.H., https://t.co/tqDXLLBC‚Ä¶"
2,1616552695195918336,2023-01-20 21:46:11+00:00,"Repost@ Divisi Humas Polri
Ketua Harian Kompolnas Irjen Pol.(Purn) Dr. Benny Jozua Mamoto, S.H., https://t.co/tqDXLLBCPp., mengapresiasi kinerja jajaran Divisi Humas Polri. https://t.co/SjFuic9ErO"
3,1616468807496921088,2023-01-20 16:12:50+00:00,"@ch_chotimah2 @aniesbaswedan @abu_waras @rahmaniarbaftim @jokowi @ListyoSigitP @mohmahfudmd @CCICPolri @DivHumas_Polri Selagi gak ada laporan masuk ya.... duduk manis di meja.
Mungkin perlu di sidak kinerja bagian cyber nya... atau perlu ditambah."
4,1616446070153957379,2023-01-20 14:42:29+00:00,"@jokowi Kinerja kepolisian blm menunjukan presisi di @polrestabesmdn_ ,lprn penipuan blm selesai 4,7 thn,sy mohon bantuannya Bpk.
Sy sdh menyurati:
Kapolri @ListyoSigitP 
@KAPOLDAsumut 
@propampolri SU
@kompolnas_ri 
@KejaksaanRI 
@kejatisumut 
@KejariMedan 
Blm jg ada penyelesaian https://t.co/KgZde984ta"
5,1616409106050600961,2023-01-20 12:15:36+00:00,"RT @DivHumas_Polri: Ketua Harian Kompolnas Irjen Pol.(Purn) Dr. Benny Jozua Mamoto, S.H., https://t.co/4DihjLHgDu., mengapresiasi kinerja j‚Ä¶"
6,1616397401715273730,2023-01-20 11:29:06+00:00,"@kompascom Ya Itulah Tabiat kepolisian di Indonesia, rata rata pada malas menanggapi laporan masyarakat, sdh ketahuan diculik mesti nunggu 1x24 jam, yg diculik keburu mati atau di apa apain, ayo kepolisian kinerja anda hrs berubah kepercayaan masyarakat sdh jatuh didasar jura kpd polisi..."
7,1616392825582800897,2023-01-20 11:10:55+00:00,"RT @humasreswaropen: ""Apel Pagi Awal Kinerja Polri Yang Presisi.""
#DivisiHumasPolri
#PoldaPapua
#PolresWaropen
#PolriPresisi
#Papua
#Warope‚Ä¶"
8,1616392184206618624,2023-01-20 11:08:22+00:00,"RT @humasreswaropen: ""Apel Pagi Awal Kinerja Polri Yang Presisi.""
#DivisiHumasPolri
#PoldaPapua
#PolresWaropen
#PolriPresisi
#Papua
#Warope‚Ä¶"
9,1616391565488054274,2023-01-20 11:05:54+00:00,"RT @DivHumas_Polri: Ketua Harian Kompolnas Irjen Pol.(Purn) Dr. Benny Jozua Mamoto, S.H., https://t.co/4DihjLHgDu., mengapresiasi kinerja j‚Ä¶"
10,1616391509108232194,2023-01-20 11:05:41+00:00,"RT @humasreswaropen: ""Apel Pagi Awal Kinerja Polri Yang Presisi.""
#DivisiHumasPolri
#PoldaPapua
#PolresWaropen
#PolriPresisi
#Papua
#Warope‚Ä¶"
11,1616376251752538112,2023-01-20 10:05:03+00:00,"Ketua Karang Taruna Kota Banjar Apresiasi Keberhasilan Kinerja Polri Dalam Pengamanan ...

dari :https://t.co/RqLlDrASK4 #karangtaruna #pemuda #karangtarunaindonesia #trending"
12,1616359694968459270,2023-01-20 08:59:16+00:00,https://t.co/V0GyOJnbfO
13,1616349824697372672,2023-01-20 08:20:03+00:00,"Ketua Harian Kompolnas Irjen Pol.(Purn) Dr. Benny Jozua Mamoto, S.H., https://t.co/5iNrR5HNyG., mengapresiasi kinerja jajaran Divisi Humas Polri. https://t.co/bNZK84oNQe"
14,1616341771943829507,2023-01-20 07:48:03+00:00,Wali Kota Bandung Apresiasi Kinerja dan Kolaborasi Polri Dalam Wujudkan Keamanan Kota | https://t.co/woTP87T97z
15,1616338721955287041,2023-01-20 07:35:56+00:00,"@DavinSaputro Terima kasih sobat Polri atas apresiasinya üôèüèª kami akan terus meningkatkan kinerja dalam melaksanakan tugas, mohon doa dan dukungannya. Tanpa bantuan masyarakat, kami bukan lah apa-apa. Kami akan bekerja secara peofesional guna mendapatkan kepercayaan dari masyarakat üôèüèª"
16,1616338700354617345,2023-01-20 07:35:50+00:00,"@fajrigunawan06 Terima kasih sobat Polri atas apresiasinya üôèüèª kami akan terus meningkatkan kinerja dalam melaksanakan tugas, mohon doa dan dukungannya. Tanpa bantuan masyarakat, kami bukan lah apa-apa. Kami akan bekerja secara peofesional guna mendapatkan kepercayaan dari masyarakat üôèüèª"
17,1616338681878675462,2023-01-20 07:35:46+00:00,"@NadineCappucin Terima kasih sobat Polri atas apresiasinya üôèüèª kami akan terus meningkatkan kinerja dalam melaksanakan tugas, mohon doa dan dukungannya. Tanpa bantuan masyarakat, kami bukan lah apa-apa. Kami akan bekerja secara peofesional guna mendapatkan kepercayaan dari masyarakat üôèüèª"
18,1616338615805804544,2023-01-20 07:35:30+00:00,"@RakaAudri Terimakasih sobat Polri atas apresiasinya üôèüèª kami akan terus meningkatkan kinerja dalam melaksanakan tugas, mohon doa dan dukungannya. Tanpa bantuan masyarakat, kami bukan lah apa-apa. Kami akan bekerja secara peofesional guna mendapatkan kepercayaan dari masyarakat üôèüèª"
19,1616334968711708673,2023-01-20 07:21:01+00:00,"RT @CirebonPolresta: GUBERNUR JAWA BARAT APRESIASI KINERJA KEPOLISIAN SELAMA TAHUN 2022

Gubernur Provinsi Jawa Barat Ridwan Kamil atau yan‚Ä¶"
20,1616334398806437889,2023-01-20 07:18:45+00:00,"RT @sinagano2: @BenHadiwijaya Hadoohh.. Sudah banyak yg ditangkap... Bahkan mati juga sudah banyak... Tp pastilah ada yg lolos..

Selalu ad‚Ä¶"
21,1616332697571569666,2023-01-20 07:11:59+00:00,"@BenHadiwijaya Hadoohh.. Sudah banyak yg ditangkap... Bahkan mati juga sudah banyak... Tp pastilah ada yg lolos..

Selalu ada usaha memperbaiki.. Banyak polisi yg rusak.. Banyak juga... Tp dukung kinerja polisi yg baik"
22,1616329997542916097,2023-01-20 07:01:16+00:00,"Drs. H. Dedi Supriyadi, https://t.co/L0FEtEKudh, Beri Apresiasi Kinerja Polri https://t.co/XQGJbcMNJf https://t.co/ms4kHlEy5k"
23,1616323952946868226,2023-01-20 06:37:14+00:00,"GUBERNUR JAWA BARAT APRESIASI KINERJA KEPOLISIAN SELAMA TAHUN 2022

Gubernur Provinsi Jawa Barat Ridwan Kamil atau yang akrab disapa Kang Emil ini mengapresiasi kinerja yang dilakukan oleh anggota kepolisian selama tahun 2022.

#POLISIPENOLONGPRESISI https://t.co/oqgUCdP24x"
24,1616322886771568640,2023-01-20 06:33:00+00:00,"Wali Kota Bandung, Yana Mulyana mengapresiasi dan berterima kasih atas kinerja dan kolaborasi yang dilakukan Kepolisian Republik Indonesia (Polri) bersama Pemkot Bandung untuk menjaga keamanan kota Bandung.

https://t.co/lMJjvx5DKh"
25,1616316653331156993,2023-01-20 06:08:14+00:00,"Ketua Harian Kompolnas Irjen Pol.(Purn) Dr. Benny Jozua Mamoto, S.H., https://t.co/PHdS13pj3F., mengapresiasi kinerja jajaran Divisi Humas Polri.

sumber : Divisihumaspolri https://t.co/J6DMM2heZW"
26,1616315074712604678,2023-01-20 06:01:58+00:00,"GUBERNUR JAWA BARAT APRESIASI KINERJA KEPOLISIAN SELAMA TAHUN 2022

Gubernur Provinsi Jawa Barat Ridwan Kamil atau yang akrab disapa Kang Emil ini mengapresiasi kinerja yang dilakukan oleh anggota kepolisian selama tahun 2022.

#POLISIPENOLONGPRESISI https://t.co/YbhvaahOz8"
27,1616299549693444097,2023-01-20 05:00:16+00:00,"Bhabinkamtibmas melakukan Sosialisasi kepada Warga  Masyarakat Desa Buluh Duri,  tentang Kartu Barcode Aplikasi Pelayanan Pengaduan Masyarakat Terpadu yang bertujuan untuk melayani pengaduan masyarakat terkait Kinerja Polri. https://t.co/K6285hhXb6"
28,1616297425882476546,2023-01-20 04:51:50+00:00,RT @ListyoSigitP: Press release akhir tahun kinerja Polri selama tahun 2022. Terima kasih kepada seluruh personel Polri yang telah bekerja‚Ä¶
29,1616288218814779392,2023-01-20 04:15:15+00:00,Layanan pengaduan masyarakat terhadap kinerja Polri. https://t.co/IQP7EB1C6o
30,1616285693751488514,2023-01-20 04:05:13+00:00,"Wali Kota Bandung  Apresiasi Kinerja Kepolisian Republik Indonesia Selama Tahun 2022

Wali kota Bandung Yana Mulyana mengapresiasi dan mengucapkan terimakasih atas segala kinerja dari kepolisian Republik Indonesia selama tahun 2022. https://t.co/PzDAaOQrQD"
31,1616281540899766273,2023-01-20 03:48:43+00:00,"RT @DivHumas_Polri: Ketua Harian Kompolnas Irjen Pol.(Purn) Dr. Benny Jozua Mamoto, S.H., https://t.co/4DihjLHgDu., mengapresiasi kinerja j‚Ä¶"
32,1616281450336366592,2023-01-20 03:48:21+00:00,"RT @humaspoldajbr: GUBERNUR JAWA BARAT APRESIASI KINERJA KEPOLISIAN SELAMA TAHUN 2022

#POLISIPENOLONGPRESISI https://t.co/60AK96snj4"
33,1616278513488900096,2023-01-20 03:36:41+00:00,"Ketua Harian Kompolnas Irjen Pol.(Purn) Dr. Benny Jozua Mamoto, S.H., https://t.co/9cXODWKuPz., mengapresiasi kinerja jajaran Divisi Humas Polri. Hal tersebut disampaikan langsung oleh Ketua Harian Kompolnas saat melakukan kunjungan audiensi di gedung Divisi Humas Polri https://t.co/NPUdJiAPIc"
34,1616277850184888320,2023-01-20 03:34:03+00:00,"RT @DivHumas_Polri: Ketua Harian Kompolnas Irjen Pol.(Purn) Dr. Benny Jozua Mamoto, S.H., https://t.co/4DihjLHgDu., mengapresiasi kinerja j‚Ä¶"
35,1616276928314634242,2023-01-20 03:30:23+00:00,"RT @CirebonPolresta: GUBERNUR JAWA BARAT APRESIASI KINERJA KEPOLISIAN SELAMA TAHUN 2022

Gubernur Provinsi Jawa Barat Ridwan Kamil atau yan‚Ä¶"
36,1616276766821330945,2023-01-20 03:29:44+00:00,"RT @ResImyu: GUBERNUR JAWA BARAT APRESIASI KINERJA KEPOLISIAN SELAMA TAHUN 2022

Gubernur Provinsi Jawa Barat Ridwan Kamil atau yang akrab‚Ä¶"
37,1616270897694007296,2023-01-20 03:06:25+00:00,"Kapolsek wonosari, Jumat tanggal 20 Januari 2023, Sama seperti biasanya kegiatan jumat curhat yang digagas Polri ini bertujuan untuk mendengarkan keluhan, saran serta kritik dari masyarakat, untuk membangun kinerja Polri yang lebih baik. https://t.co/ohk0s82Ttd"
38,1616264280902631424,2023-01-20 02:40:07+00:00,"RT @DivHumas_Polri: Ketua Harian Kompolnas Irjen Pol.(Purn) Dr. Benny Jozua Mamoto, S.H., https://t.co/4DihjLHgDu., mengapresiasi kinerja j‚Ä¶"
39,1616262930466746369,2023-01-20 02:34:45+00:00,"*JUM'ATCURHAT* Giat kapolsek, para kanit bersama bhabinkamtibmas kec betung melaksanakan giat jum'at curhat bersama Tokoh Agama, Pemuda dan warga di kelurahan betung dalam rangka Menjalin Komunikasi dan mempererat jalinan informasi dan keluhan masyarakat terhadap kinerja Polri. https://t.co/qEFYX2UPJz"
40,1616261583331819521,2023-01-20 02:29:24+00:00,"KAPOLSEK BONDOWOSO KOTA AKP MARDIYANTO MELAKSANAKAN PROGRAM ""JUMAT CURHAT"" BERTEMPAT DI  KEL. KADEMANGAN DENGAN MENERIMA SARAN, KRITIK, DAN KELUHAN TERHADAP SITUASI KEAMANAN DAN KETERTIBAN MASYARAKAT DAN KINERJA POLRI. https://t.co/CcdtRobrNa"
41,1616258415780847618,2023-01-20 02:16:49+00:00,"Bhabinkamtibmas melakukan Sosialisasi kepada warga Kelurahan Karya jaya atas nama: PakPitra di Kel.Karya Jaya  ,tentang Kartu Barcode Aplikasi Pelayanan Pengaduan Masyarakat Terpadu yang bertujuan untuk melayani pengaduan masyarakat terkait Kinerja Polri https://t.co/dtffNrtXxl"
42,1616258381001654273,2023-01-20 02:16:41+00:00,"@tvOneNews Kinerja BIN di bawah TNI vs Polisi lebih baik mana?
Kalo saya se TNI krn kerja y sesuai tupoksi y..fakta lho.."
43,1616256379739869186,2023-01-20 02:08:44+00:00,"RT @humasreswaropen: ""Apel Pagi Awal Kinerja Polri Yang Presisi.""
#DivisiHumasPolri
#PoldaPapua
#PolresWaropen
#PolriPresisi
#Papua
#Warope‚Ä¶"
44,1616255875517382657,2023-01-20 02:06:43+00:00,"RT @DivHumas_Polri: Ketua Harian Kompolnas Irjen Pol.(Purn) Dr. Benny Jozua Mamoto, S.H., https://t.co/4DihjLHgDu., mengapresiasi kinerja j‚Ä¶"
45,1616237618446098432,2023-01-20 00:54:11+00:00,"Ketua Harian Kompolnas Irjen Pol.(Purn) Dr. Benny Jozua Mamoto, S.H., https://t.co/fksTC3KozH., mengapresiasi kinerja jajaran Divisi Humas Polri. Hal tersebut disampaikan langsung oleh Ketua Harian Kompolnas saat melakukan kunjungan audiensi di gedung Divisi Humas Polri. https://t.co/JLgFPOLgid"
46,1616230518617669633,2023-01-20 00:25:58+00:00,RT @BadurWijanarko: Bhabinkamtibmas gesi silaturahmi kepada perangkat desa gesi guna mempererat hubungan polri dan warga serta evaluasi ten‚Ä¶
47,1616224631190605824,2023-01-20 00:02:34+00:00,Ketua Harian Kompolnas Mengapresiasi Kinerja Jajaran Divisi Humas Polri https://t.co/Q7SKE6zjCF
48,1616222883008901122,2023-01-19 23:55:37+00:00,@NoeWahjoe @ndagels @DivHumas_Polri @Lemdiklat_Polri Ini salah satu problem nya juga nih terkait kinerja kepolisian.
49,1616220896854962176,2023-01-19 23:47:44+00:00,"RT @polsekpalembayn: KASAT BINMAS POLRES AGAM IPTU AZWIR YANI LAKUKAN KEGIATAN  ANEV DAN ARAHAN  TENTANG KINERJA PERSONIL SAT BINMAS 

üëÆ Tw‚Ä¶"
50,1616219412335583232,2023-01-19 23:41:50+00:00,"RT @humasreswaropen: ""Apel Pagi Awal Kinerja Polri Yang Presisi.""
#DivisiHumasPolri
#PoldaPapua
#PolresWaropen
#PolriPresisi
#Papua
#Warope‚Ä¶"
51,1616218787531100165,2023-01-19 23:39:21+00:00,"Bhabinkamtibmas gesi silaturahmi kepada perangkat desa gesi guna mempererat hubungan polri dan warga serta evaluasi tentang kinerja polri saat ini 

#polripresisi https://t.co/5QIywP2Slj"
52,1616217814033125376,2023-01-19 23:35:29+00:00,"RT @humasreswaropen: ""Apel Pagi Awal Kinerja Polri Yang Presisi.""
#DivisiHumasPolri
#PoldaPapua
#PolresWaropen
#PolriPresisi
#Papua
#Warope‚Ä¶"
53,1616217623917891584,2023-01-19 23:34:44+00:00,"RT @humasreswaropen: ""Apel Pagi Awal Kinerja Polri Yang Presisi.""
#DivisiHumasPolri
#PoldaPapua
#PolresWaropen
#PolriPresisi
#Papua
#Warope‚Ä¶"
54,1616209655709200387,2023-01-19 23:03:04+00:00,"HUT Bhayangkara Ke-76, Gamis-Indonesia Apresiasi Beragam Capian Kinerja Polri¬† https://t.co/D62YrLV5ed lewat @Nemukabar 
@ListyoSigitP"
55,1616208831385849856,2023-01-19 22:59:47+00:00,"RT @DivHumas_Polri: Ketua Harian Kompolnas Irjen Pol.(Purn) Dr. Benny Jozua Mamoto, S.H., https://t.co/4DihjLHgDu., mengapresiasi kinerja j‚Ä¶"
56,1616191801924407296,2023-01-19 21:52:07+00:00,"RT @DivHumas_Polri: Ketua Harian Kompolnas Irjen Pol.(Purn) Dr. Benny Jozua Mamoto, S.H., https://t.co/4DihjLHgDu., mengapresiasi kinerja j‚Ä¶"
57,1616188846714257409,2023-01-19 21:40:23+00:00,"RT @humasreswaropen: ""Apel Pagi Awal Kinerja Polri Yang Presisi.""
#DivisiHumasPolri
#PoldaPapua
#PolresWaropen
#PolriPresisi
#Papua
#Warope‚Ä¶"
58,1616115910535950336,2023-01-19 16:50:33+00:00,"Ketua Harian Kompolnas Irjen Pol.(Purn) Dr. Benny Jozua Mamoto, S.H., https://t.co/lXxBOJcsKm., mengapresiasi kinerja jajaran Divisi Humas Polri. Hal tersebut disampaikan langsung oleh Ketua Harian Kompolnas saat melakukan kunjungan audiensi di gedung Divisi Humas Polri https://t.co/v3gtdnYQa0"
59,1616092424283246592,2023-01-19 15:17:14+00:00,"Adakah calon presiden 2024 yg berani janji dgn timeline
1. Mengurangi Hutang Negara
2. Mengurangi Korupsi Aparat (PNS, Polisi dan TNI juga BUMN)
3. Mengefisiensi kinerja aparat.
4. Memaksimalkan hasil BUMN.
Kl ada sy pilih kalo tdk ada ya GOLPUT, krn sy anggap calonnya cuma OMDO"
60,1616078305396129792,2023-01-19 14:21:07+00:00,"Ketua Harian Kompolnas Irjen Pol.(Purn) Dr. Benny Jozua Mamoto, S.H., https://t.co/VB4kWuJVaK., mengapresiasi kinerja jajaran Divisi Humas Polri. Hal tersebut disampaikan langsung oleh Ketua Harian Kompolnas saat melakukan kunjungan audiensi di gedung Divisi Humas Polri. https://t.co/xebJNfS1yF"
61,1616076040442646529,2023-01-19 14:12:07+00:00,"RT @humaspoldajbr: GUBERNUR JAWA BARAT APRESIASI KINERJA KEPOLISIAN SELAMA TAHUN 2022

#POLISIPENOLONGPRESISI https://t.co/60AK96snj4"
62,1616075387154628611,2023-01-19 14:09:32+00:00,"RT @humaspoldajbr: GUBERNUR JAWA BARAT APRESIASI KINERJA KEPOLISIAN SELAMA TAHUN 2022

#POLISIPENOLONGPRESISI https://t.co/60AK96snj4"
63,1616070874553274376,2023-01-19 13:51:36+00:00,"RT @polsek_regol: GUBERNUR JAWA BARAT APRESIASI KINERJA KEPOLISIAN SELAMA TAHUN 2022

Gubernur Provinsi Jawa Barat Ridwan Kamil atau yang a‚Ä¶"
64,1616070070400356358,2023-01-19 13:48:24+00:00,"@kamadilvas @AREAJULID Lagi sibuk chat halo dek halo dek ke ciwi‚Äù, nanti kalo dikritik kinerja plokis balesnya ‚Äúkalo kemalingan gausah lapor polisi‚Äù lah, emg selama ini lapor plokis ditanggepin?"
65,1616062570519203845,2023-01-19 13:18:36+00:00,"@tanyakanrl ini polisi pada gimana kinerja nya? udah tau kasus penculikan bener"" penculikan, ini kalo korbannya ga pinter, yakin masih bisa selamat? kadang aneh bgt sama polisi di negara ini.. nanti katanya harus ada prosedur lah ini lah itulah, itu korban penculikan yg bener"" di culik woiii"
66,1616059481582112772,2023-01-19 13:06:19+00:00,"GUBERNUR JAWA BARAT APRESIASI KINERJA KEPOLISIAN SELAMA TAHUN 2022

#POLISIPENOLONGPRESISI https://t.co/jfpsgb62zo"
67,1616055839584055297,2023-01-19 12:51:51+00:00,"Ketua Harian Kompolnas Irjen Pol.(Purn) Dr. Benny Jozua Mamoto, S.H., https://t.co/4DihjLHgDu., mengapresiasi kinerja jajaran Divisi Humas Polri. https://t.co/Vtczz0kTsi"
68,1616053553944231936,2023-01-19 12:42:46+00:00,"GUBERNUR JAWA BARAT APRESIASI KINERJA KEPOLISIAN SELAMA TAHUN 2022

Gubernur Provinsi Jawa Barat Ridwan Kamil atau yang akrab disapa Kang Emil ini mengapresiasi kinerja yang dilakukan oleh anggota kepolisian selama tahun 2022. https://t.co/Xt5i2f6unO"
69,1616051204886515713,2023-01-19 12:33:26+00:00,"RT @humaspoldajbr: GUBERNUR JAWA BARAT APRESIASI KINERJA KEPOLISIAN SELAMA TAHUN 2022

#POLISIPENOLONGPRESISI https://t.co/60AK96snj4"
70,1616051186838245376,2023-01-19 12:33:22+00:00,"RT @humaspoldajbr: GUBERNUR JAWA BARAT APRESIASI KINERJA KEPOLISIAN SELAMA TAHUN 2022

#POLISIPENOLONGPRESISI https://t.co/60AK96snj4"
71,1616051180248993792,2023-01-19 12:33:20+00:00,"RT @humaspoldajbr: GUBERNUR JAWA BARAT APRESIASI KINERJA KEPOLISIAN SELAMA TAHUN 2022

#POLISIPENOLONGPRESISI https://t.co/60AK96snj4"
72,1616051177073827842,2023-01-19 12:33:20+00:00,"RT @humaspoldajbr: GUBERNUR JAWA BARAT APRESIASI KINERJA KEPOLISIAN SELAMA TAHUN 2022

#POLISIPENOLONGPRESISI https://t.co/60AK96snj4"
73,1616051173626372096,2023-01-19 12:33:19+00:00,"RT @humaspoldajbr: GUBERNUR JAWA BARAT APRESIASI KINERJA KEPOLISIAN SELAMA TAHUN 2022

#POLISIPENOLONGPRESISI https://t.co/60AK96snj4"
74,1616051171566780416,2023-01-19 12:33:18+00:00,"RT @humaspoldajbr: GUBERNUR JAWA BARAT APRESIASI KINERJA KEPOLISIAN SELAMA TAHUN 2022

#POLISIPENOLONGPRESISI https://t.co/60AK96snj4"
75,1616051167863209984,2023-01-19 12:33:17+00:00,"RT @humaspoldajbr: GUBERNUR JAWA BARAT APRESIASI KINERJA KEPOLISIAN SELAMA TAHUN 2022

#POLISIPENOLONGPRESISI https://t.co/60AK96snj4"
76,1616051166344790017,2023-01-19 12:33:17+00:00,"RT @humaspoldajbr: GUBERNUR JAWA BARAT APRESIASI KINERJA KEPOLISIAN SELAMA TAHUN 2022

#POLISIPENOLONGPRESISI https://t.co/60AK96snj4"
77,1616051161018032135,2023-01-19 12:33:16+00:00,"RT @humaspoldajbr: GUBERNUR JAWA BARAT APRESIASI KINERJA KEPOLISIAN SELAMA TAHUN 2022

#POLISIPENOLONGPRESISI https://t.co/60AK96snj4"
78,1616051160762171394,2023-01-19 12:33:16+00:00,"RT @humaspoldajbr: GUBERNUR JAWA BARAT APRESIASI KINERJA KEPOLISIAN SELAMA TAHUN 2022

#POLISIPENOLONGPRESISI https://t.co/60AK96snj4"
79,1616051157239238658,2023-01-19 12:33:15+00:00,"RT @humaspoldajbr: GUBERNUR JAWA BARAT APRESIASI KINERJA KEPOLISIAN SELAMA TAHUN 2022

#POLISIPENOLONGPRESISI https://t.co/60AK96snj4"
80,1616051153661317121,2023-01-19 12:33:14+00:00,"RT @humaspoldajbr: GUBERNUR JAWA BARAT APRESIASI KINERJA KEPOLISIAN SELAMA TAHUN 2022

#POLISIPENOLONGPRESISI https://t.co/60AK96snj4"
81,1616051153229254656,2023-01-19 12:33:14+00:00,"RT @humaspoldajbr: GUBERNUR JAWA BARAT APRESIASI KINERJA KEPOLISIAN SELAMA TAHUN 2022

#POLISIPENOLONGPRESISI https://t.co/60AK96snj4"
82,1616051150729670657,2023-01-19 12:33:13+00:00,"RT @humaspoldajbr: GUBERNUR JAWA BARAT APRESIASI KINERJA KEPOLISIAN SELAMA TAHUN 2022

#POLISIPENOLONGPRESISI https://t.co/60AK96snj4"
83,1616051143184109568,2023-01-19 12:33:11+00:00,"RT @humaspoldajbr: GUBERNUR JAWA BARAT APRESIASI KINERJA KEPOLISIAN SELAMA TAHUN 2022

#POLISIPENOLONGPRESISI https://t.co/60AK96snj4"
84,1616051140038365189,2023-01-19 12:33:11+00:00,"RT @humaspoldajbr: GUBERNUR JAWA BARAT APRESIASI KINERJA KEPOLISIAN SELAMA TAHUN 2022

#POLISIPENOLONGPRESISI https://t.co/60AK96snj4"
85,1616051136611352576,2023-01-19 12:33:10+00:00,"RT @humaspoldajbr: GUBERNUR JAWA BARAT APRESIASI KINERJA KEPOLISIAN SELAMA TAHUN 2022

#POLISIPENOLONGPRESISI https://t.co/60AK96snj4"
86,1616051136439681025,2023-01-19 12:33:10+00:00,"RT @humaspoldajbr: GUBERNUR JAWA BARAT APRESIASI KINERJA KEPOLISIAN SELAMA TAHUN 2022

#POLISIPENOLONGPRESISI https://t.co/60AK96snj4"
87,1616051132408766464,2023-01-19 12:33:09+00:00,"RT @humaspoldajbr: GUBERNUR JAWA BARAT APRESIASI KINERJA KEPOLISIAN SELAMA TAHUN 2022

#POLISIPENOLONGPRESISI https://t.co/60AK96snj4"
88,1616051131813335040,2023-01-19 12:33:09+00:00,"RT @humaspoldajbr: GUBERNUR JAWA BARAT APRESIASI KINERJA KEPOLISIAN SELAMA TAHUN 2022

#POLISIPENOLONGPRESISI https://t.co/60AK96snj4"
89,1616051127165898752,2023-01-19 12:33:08+00:00,"RT @humaspoldajbr: GUBERNUR JAWA BARAT APRESIASI KINERJA KEPOLISIAN SELAMA TAHUN 2022

#POLISIPENOLONGPRESISI https://t.co/60AK96snj4"
90,1616051117720322048,2023-01-19 12:33:05+00:00,"RT @humaspoldajbr: GUBERNUR JAWA BARAT APRESIASI KINERJA KEPOLISIAN SELAMA TAHUN 2022

#POLISIPENOLONGPRESISI https://t.co/60AK96snj4"
91,1616051116084727813,2023-01-19 12:33:05+00:00,"RT @humaspoldajbr: GUBERNUR JAWA BARAT APRESIASI KINERJA KEPOLISIAN SELAMA TAHUN 2022

#POLISIPENOLONGPRESISI https://t.co/60AK96snj4"
92,1616051114083770369,2023-01-19 12:33:05+00:00,"RT @humaspoldajbr: GUBERNUR JAWA BARAT APRESIASI KINERJA KEPOLISIAN SELAMA TAHUN 2022

#POLISIPENOLONGPRESISI https://t.co/60AK96snj4"
93,1616051113790169091,2023-01-19 12:33:04+00:00,"RT @humaspoldajbr: GUBERNUR JAWA BARAT APRESIASI KINERJA KEPOLISIAN SELAMA TAHUN 2022

#POLISIPENOLONGPRESISI https://t.co/60AK96snj4"
94,1616051111097507840,2023-01-19 12:33:04+00:00,"RT @humaspoldajbr: GUBERNUR JAWA BARAT APRESIASI KINERJA KEPOLISIAN SELAMA TAHUN 2022

#POLISIPENOLONGPRESISI https://t.co/60AK96snj4"
95,1616051110971854854,2023-01-19 12:33:04+00:00,"RT @humaspoldajbr: GUBERNUR JAWA BARAT APRESIASI KINERJA KEPOLISIAN SELAMA TAHUN 2022

#POLISIPENOLONGPRESISI https://t.co/60AK96snj4"
96,1616050848127410178,2023-01-19 12:32:01+00:00,"RT @humaspoldajbr: GUBERNUR JAWA BARAT APRESIASI KINERJA KEPOLISIAN SELAMA TAHUN 2022

#POLISIPENOLONGPRESISI https://t.co/60AK96snj4"
97,1616046675545698305,2023-01-19 12:15:26+00:00,"GUBERNUR JAWA BARAT APRESIASI KINERJA KEPOLISIAN SELAMA TAHUN 2022

Gubernur Provinsi Jawa Barat Ridwan Kamil atau yang akrab disapa Kang Emil ini mengapresiasi kinerja yang dilakukan oleh anggota kepolisian selama tahun 2022.

#POLISIPENOLONGPRESISI https://t.co/oA4kiGbpLl"
98,1616046497434591232,2023-01-19 12:14:44+00:00,"GUBERNUR JAWA BARAT APRESIASI KINERJA KEPOLISIAN SELAMA TAHUN 2022

Gubernur Provinsi Jawa Barat Ridwan Kamil atau yang akrab disapa Kang Emil ini mengapresiasi kinerja yang dilakukan oleh anggota kepolisian selama tahun 2022.

#POLISIPENOLONGPRESISI https://t.co/G1oiwcpmeW"
99,1616044571628273664,2023-01-19 12:07:05+00:00,"RT @CirebonPolresta: GUBERNUR JAWA BARAT APRESIASI KINERJA KEPOLISIAN SELAMA TAHUN 2022

Gubernur Provinsi Jawa Barat Ridwan Kamil atau yan‚Ä¶"
100,1616043810135605249,2023-01-19 12:04:03+00:00,"GUBERNUR JAWA BARAT APRESIASI KINERJA KEPOLISIAN SELAMA TAHUN 2022

Gubernur Provinsi Jawa Barat Ridwan Kamil atau yang akrab disapa Kang Emil ini mengapresiasi kinerja yang dilakukan oleh anggota kepolisian selama tahun 2022.

#POLISIPENOLONGPRESISI https://t.co/hTZCIWMfLm"
101,1616043601590616064,2023-01-19 12:03:13+00:00,"GUBERNUR JAWA BARAT APRESIASI KINERJA KEPOLISIAN SELAMA TAHUN 2022

Gubernur Provinsi Jawa Barat Ridwan Kamil atau yang akrab disapa Kang Emil ini mengapresiasi kinerja yang dilakukan oleh anggota kepolisian selama tahun 2022. https://t.co/c50ubRptKl"
102,1616043285616955393,2023-01-19 12:01:58+00:00,"GUBERNUR JAWA BARAT APRESIASI KINERJA KEPOLISIAN SELAMA TAHUN 2022

Gubernur Provinsi Jawa Barat Ridwan Kamil atau yang akrab disapa Kang Emil ini mengapresiasi kinerja yang dilakukan oleh anggota kepolisian selama tahun 2022. https://t.co/JqVX7IEVHG"
103,1616042207911477253,2023-01-19 11:57:41+00:00,"GUBERNUR JAWA BARAT APRESIASI KINERJA KEPOLISIAN SELAMA TAHUN 2022

Gubernur Provinsi Jawa Barat Ridwan Kamil atau yang akrab disapa Kang Emil ini mengapresiasi kinerja yang dilakukan oleh anggota kepolisian selama tahun 2022.

#POLISIPENOLONGPRESISI https://t.co/EjXyfKEkMs"
104,1616041575490125825,2023-01-19 11:55:10+00:00,"GUBERNUR JAWA BARAT APRESIASI KINERJA KEPOLISIAN SELAMA TAHUN 2022

Gubernur Provinsi Jawa Barat Ridwan Kamil atau yang akrab disapa Kang Emil ini mengapresiasi kinerja yang dilakukan oleh anggota kepolisian selama tahun 2022.

#POLISIPENOLONGPRESISI https://t.co/lBqiyyL9l1"
105,1616036614664511489,2023-01-19 11:35:28+00:00,"GUBERNUR JAWA BARAT APRESIASI KINERJA KEPOLISIAN SELAMA TAHUN 2022

Gubernur Provinsi Jawa Barat Ridwan Kamil atau yang akrab disapa Kang Emil ini mengapresiasi kinerja yang dilakukan oleh anggota kepolisian selama tahun 2022.

#POLISIPENOLONGPRESISI https://t.co/phlo6TUmgr"
106,1616033595046653955,2023-01-19 11:23:28+00:00,"GUBERNUR JAWA BARAT APRESIASI KINERJA KEPOLISIAN SELAMA TAHUN 2022

Gubernur Provinsi Jawa Barat Ridwan Kamil atau yang akrab disapa Kang Emil ini mengapresiasi kinerja yang dilakukan oleh anggota kepolisian selama tahun 2022.

#POLISIPENOLONGPRESISI https://t.co/IKk84SqcB9"
107,1616033504005087235,2023-01-19 11:23:06+00:00,"GUBERNUR JAWA BARAT APRESIASI KINERJA KEPOLISIAN SELAMA TAHUN 2022

Gubernur Provinsi Jawa Barat Ridwan Kamil atau yang akrab disapa Kang Emil ini mengapresiasi kinerja yang dilakukan oleh anggota kepolisian selama tahun 2022.

#POLISIPENOLONGPRESISI https://t.co/4syFfRaOfc"
108,1616032783335567365,2023-01-19 11:20:14+00:00,Gubernur Provinsi Jawa Barat Ridwan Kamil atau yang akrab disapa Kang Emil ini mengapresiasi kinerja yang dilakukan oleh anggota kepolisian selama tahun 2022. https://t.co/MpZ7vC16qz
109,1616032611289436160,2023-01-19 11:19:33+00:00,"GUBERNUR JAWA BARAT APRESIASI KINERJA KEPOLISIAN SELAMA TAHUN 2022

Gubernur Provinsi Jawa Barat Ridwan Kamil atau yang akrab disapa Kang Emil ini mengapresiasi kinerja yang dilakukan oleh anggota kepolisian selama tahun 2022.

#POLISIPENOLONGPRESISI https://t.co/vgFG3m1ocr"
110,1616029420086792195,2023-01-19 11:06:52+00:00,"GUBERNUR JAWA BARAT APRESIASI KINERJA KEPOLISIAN SELAMA TAHUN 2022

Gubernur Provinsi Jawa Barat Ridwan Kamil atau yang akrab disapa Kang Emil ini mengapresiasi kinerja yang dilakukan oleh anggota kepolisian selama tahun 2022. https://t.co/GPHrGPwnFb"
111,1616027554934325248,2023-01-19 10:59:28+00:00,"RT @PolresBogor_: GUBERNUR JAWA BARAT APRESIASI KINERJA KEPOLISIAN SELAMA TAHUN 2022

Gubernur Provinsi Jawa Barat Ridwan Kamil atau yang a‚Ä¶"
112,1616027270887665666,2023-01-19 10:58:20+00:00,"GUBERNUR JAWA BARAT APRESIASI KINERJA KEPOLISIAN SELAMA TAHUN 2022

Gubernur Provinsi Jawa Barat Ridwan Kamil atau yang akrab disapa Kang Emil ini mengapresiasi kinerja yang dilakukan oleh anggota kepolisian selama tahun 2022.

#POLISIPENOLONGPRESISI https://t.co/uQ4pcgC4cV"
113,1616025315234709511,2023-01-19 10:50:34+00:00,"19-01-2023 APRESIASI GUBERNUR JABAR.mp4GUBERNUR JAWA BARAT APRESIASI KINERJA KEPOLISIAN SELAMA TAHUN 2022

Gubernur Provinsi Jawa Barat Ridwan Kamil atau yang akrab disapa Kang Emil ini mengapresiasi kinerja yang dilakukan oleh anggota kepolisian 
#POLISIPENOLONGPRESISI https://t.co/Ldj3Mr9Y9P"
114,1616025268325609478,2023-01-19 10:50:22+00:00,"GUBERNUR JAWA BARAT APRESIASI KINERJA KEPOLISIAN SELAMA TAHUN 2022

""Semua itu dapat terwujud berkat koordinaai serta sinergitas yang baik antara Polda Jabar dengan unsur Forkopimda di Provinsi Jabar."" Kata Ridwan Kamil.

#POLISIPENOLONGPRESISI https://t.co/d0cfnRyuzS"
115,1616024036370415617,2023-01-19 10:45:29+00:00,"GUBERNUR JAWA BARAT APRESIASI KINERJA KEPOLISIAN SELAMA TAHUN 2022

Gubernur Provinsi Jawa Barat Ridwan Kamil atau yang akrab disapa Kang Emil ini mengapresiasi kinerja yang dilakukan oleh anggota kepolisian selama tahun 2022.

#POLISIPENOLONGPRESISI https://t.co/yG6XoTABC8"
116,1616023379399647233,2023-01-19 10:42:52+00:00,"GUBERNUR JAWA BARAT APRESIASI KINERJA KEPOLISIAN SELAMA TAHUN 2022

Gubernur Provinsi Jawa Barat Ridwan Kamil atau yang akrab disapa Kang Emil ini mengapresiasi kinerja yang dilakukan oleh anggota kepolisian selama tahun 2022.
#POLISIPENOLONGPRESISI https://t.co/jNtqGlTNHn"
117,1616022514832138241,2023-01-19 10:39:26+00:00,"GUBERNUR JAWA BARAT APRESIASI KINERJA KEPOLISIAN SELAMA TAHUN 2022

Gubernur Provinsi Jawa Barat Ridwan Kamil atau yang akrab disapa Kang Emil ini mengapresiasi kinerja yang dilakukan oleh anggota kepolisian selama tahun 2022.

#POLISIPENOLONGPRESISI
https://t.co/CVD5f2jRxT"
118,1616021751946973184,2023-01-19 10:36:24+00:00,"GUBERNUR JAWA BARAT APRESIASI KINERJA KEPOLISIAN SELAMA TAHUN 2022

Gubernur Provinsi Jawa Barat Ridwan Kamil atau yang akrab disapa Kang Emil ini mengapresiasi kinerja yang dilakukan oleh anggota kepolisian selama tahun 2022. https://t.co/NqyrlwDFhJ"
119,1616021436786946049,2023-01-19 10:35:09+00:00,"GUBERNUR JAWA BARAT APRESIASI KINERJA KEPOLISIAN SELAMA TAHUN 2022

Gubernur Provinsi Jawa Barat Ridwan Kamil atau yang akrab disapa Kang Emil ini mengapresiasi kinerja yang dilakukan oleh anggota kepolisian selama tahun 2022.

#POLISIPENOLONGPRESISI https://t.co/cSdYiqe5xb"
120,1616021434375208961,2023-01-19 10:35:08+00:00,"GUBERNUR JAWA BARAT APRESIASI KINERJA KEPOLISIAN SELAMA TAHUN 2022

#POLISIPENOLONGPRESISI https://t.co/0Wjpmook25"
121,1616021351860686848,2023-01-19 10:34:49+00:00,"GUBERNUR JAWA BARAT APRESIASI KINERJA KEPOLISIAN SELAMA TAHUN 2022

Gubernur Provinsi Jawa Barat Ridwan Kamil atau yang akrab disapa Kang Emil ini mengapresiasi kinerja yang dilakukan oleh anggota kepolisian selama tahun 2022.

#POLISIPENOLONGPRESISI https://t.co/8CCOihqvWu"
122,1616020890235592705,2023-01-19 10:32:59+00:00,"GUBERNUR JAWA BARAT APRESIASI KINERJA KEPOLISIAN SELAMA TAHUN 2022

Gubernur Provinsi Jawa Barat Ridwan Kamil atau yang akrab disapa Kang Emil ini mengapresiasi kinerja yang dilakukan oleh anggota kepolisian selama tahun 2022. https://t.co/T3ojgg4HfX"
123,1616020872594325507,2023-01-19 10:32:54+00:00,"GUBERNUR JAWA BARAT APRESIASI KINERJA KEPOLISIAN SELAMA TAHUN 2022

Gubernur Provinsi Jawa Barat Ridwan Kamil atau yang akrab disapa Kang Emil ini mengapresiasi kinerja yang dilakukan oleh anggota kepolisian selama tahun 2022. https://t.co/mJC0Qzxs38"
124,1616020827434274822,2023-01-19 10:32:44+00:00,"GUBERNUR JAWA BARAT APRESIASI KINERJA KEPOLISIAN SELAMA TAHUN 2022

Gubernur Provinsi Jawa Barat Ridwan Kamil atau yang akrab disapa Kang Emil ini mengapresiasi kinerja yang dilakukan oleh anggota kepolisian selama tahun 2022.

#POLISIPENOLONGPRESISI https://t.co/UezUzGEjGL"
125,1616020520205717504,2023-01-19 10:31:30+00:00,"@KiRegel Polri tidak mengetahui awalnya.
Karena korban di intimidasi sama LSM
Baru bertindak setelah viral.
Sewajarnya kita tetap mengapresiasi kinerja rekan¬≤ Polri yang udah tetap menindaklanjuti kasus ini meskipun sudah dimediasi Kades &amp; LSM.
Bahkan saya berharap Kadesnya juga diperiksa"
126,1616020253976432646,2023-01-19 10:30:27+00:00,"GUBERNUR JAWA BARAT APRESIASI KINERJA KEPOLISIAN SELAMA TAHUN 2022

Gubernur Provinsi Jawa Barat Ridwan Kamil atau yang akrab disapa Kang Emil ini mengapresiasi kinerja yang dilakukan oleh anggota kepolisian selama tahun 2022.

#POLISIPENOLONGPRESISI https://t.co/YwXDVWqPNZ"
127,1616020022853537792,2023-01-19 10:29:32+00:00,"GUBERNUR JAWA BARAT APRESIASI KINERJA KEPOLISIAN SELAMA TAHUN 2022

Gubernur Provinsi Jawa Barat Ridwan Kamil atau yang akrab disapa Kang Emil ini mengapresiasi kinerja yang dilakukan oleh anggota kepolisian selama tahun 2022.

#POLISIPENOLONGPRESISI https://t.co/dtCZHmbnH8"
128,1616019627347439619,2023-01-19 10:27:58+00:00,"GUBERNUR JAWA BARAT APRESIASI KINERJA KEPOLISIAN SELAMA TAHUN 2022

#POLISIPENOLONGPRESISI https://t.co/NIjMHP6DCK"
129,1616019411600805888,2023-01-19 10:27:06+00:00,"GUBERNUR JAWA BARAT APRESIASI KINERJA KEPOLISIAN SELAMA TAHUN 2022

Gubernur Provinsi Jawa Barat Ridwan Kamil atau yang akrab disapa Kang Emil ini mengapresiasi kinerja yang dilakukan oleh anggota kepolisian selama tahun 2022.

 #POLISIPENOLONGPRESISI https://t.co/NjpqVIgO4d"
130,1616019374841925632,2023-01-19 10:26:57+00:00,"GUBERNUR JAWA BARAT APRESIASI KINERJA KEPOLISIAN SELAMA TAHUN 2022

Gubernur Provinsi Jawa Barat Ridwan Kamil atau yang akrab disapa Kang Emil ini mengapresiasi kinerja yang dilakukan oleh anggota kepolisian selama tahun 2022. https://t.co/smJmtYOHkF"
131,1616019196701454336,2023-01-19 10:26:15+00:00,"GUBERNUR JAWA BARAT APRESIASI KINERJA KEPOLISIAN SELAMA TAHUN 2022

Gubernur Provinsi Jawa Barat Ridwan Kamil atau yang akrab disapa Kang Emil ini mengapresiasi kinerja yang dilakukan oleh anggota kepolisian selama tahun 2022.

#POLISIPENOLONGPRESISI https://t.co/xrp60mTiJF"
132,1616018980640284672,2023-01-19 10:25:23+00:00,"GUBERNUR JAWA BARAT APRESIASI KINERJA KEPOLISIAN SELAMA TAHUN 2022

Gubernur Provinsi Jawa Barat Ridwan Kamil atau yang akrab disapa Kang Emil ini mengapresiasi kinerja yang dilakukan oleh anggota kepolisian selama tahun 2022.

#POLISIPENOLONGPRESISI
https://t.co/BUcLwFB5x9"
133,1616018529022799873,2023-01-19 10:23:36+00:00,"GUBERNUR JAWA BARAT APRESIASI KINERJA KEPOLISIAN SELAMA TAHUN 2022

Gubernur Provinsi Jawa Barat Ridwan Kamil atau yang akrab disapa Kang Emil ini mengapresiasi kinerja yang dilakukan oleh anggota kepolisian selama tahun 2022.

#POLISIPENOLONGPRESISI https://t.co/p05ytRffhU"
134,1616018212373819394,2023-01-19 10:22:20+00:00,"GUBERNUR JAWA BARAT APRESIASI KINERJA KEPOLISIAN SELAMA TAHUN 2022

Gubernur Provinsi Jawa Barat Ridwan Kamil atau yang akrab disapa Kang Emil ini mengapresiasi kinerja yang dilakukan oleh anggota kepolisian selama tahun 2022.
#POLISIPENOLONGPRESISI https://t.co/pJXEclPpHy"
135,1616017632842612736,2023-01-19 10:20:02+00:00,"GUBERNUR JAWA BARAT APRESIASI KINERJA KEPOLISIAN SELAMA TAHUN 2022

Gubernur Provinsi Jawa Barat Ridwan Kamil atau yang akrab disapa Kang Emil ini mengapresiasi kinerja yang dilakukan oleh anggota kepolisian selama tahun 2022.

#POLISIPENOLONGPRESISI https://t.co/QUHsRSfkY5"
136,1616017029882081280,2023-01-19 10:17:38+00:00,"GUBERNUR JAWA BARAT APRESIASI KINERJA KEPOLISIAN SELAMA TAHUN 2022

Gubernur Provinsi Jawa Barat Ridwan Kamil atau yang akrab disapa Kang Emil ini mengapresiasi kinerja yang dilakukan oleh anggota kepolisian selama tahun 2022. https://t.co/Tl9hRHZFpc"
137,1616016462111703040,2023-01-19 10:15:23+00:00,"GUBERNUR JAWA BARAT APRESIASI KINERJA KEPOLISIAN SELAMA TAHUN 2022

#POLISIPENOLONGPRESISI https://t.co/vaoEGVxM12"
138,1616016345103208449,2023-01-19 10:14:55+00:00,"GUBERNUR JAWA BARAT APRESIASI KINERJA KEPOLISIAN SELAMA TAHUN 2022

Gubernur Provinsi Jawa Barat Ridwan Kamil atau yang akrab disapa Kang Emil ini mengapresiasi kinerja yang dilakukan oleh anggota kepolisian selama tahun 2022. https://t.co/4EJqrVRJXF"
139,1616015717836673024,2023-01-19 10:12:25+00:00,"GUBERNUR JAWA BARAT APRESIASI KINERJA KEPOLISIAN SELAMA TAHUN 2022

Gubernur Provinsi Jawa Barat Ridwan Kamil atau yang akrab disapa Kang Emil ini mengapresiasi kinerja yang dilakukan oleh anggota kepolisian selama tahun 2022.

#POLISIPENOLONGPRESISI
https://t.co/AOHFTIu5ry"
140,1616014426544668672,2023-01-19 10:07:18+00:00,"GUBERNUR JAWA BARAT APRESIASI KINERJA KEPOLISIAN SELAMA TAHUN 2022

Gubernur Provinsi Jawa Barat Ridwan Kamil atau yang akrab disapa Kang Emil ini mengapresiasi kinerja yang dilakukan oleh anggota kepolisian selama tahun 2022. https://t.co/fGHFjp0Tia"
141,1616014101091872770,2023-01-19 10:06:00+00:00,"GUBERNUR JAWA BARAT APRESIASI KINERJA KEPOLISIAN SELAMA TAHUN 2022

Gubernur Provinsi Jawa Barat Ridwan Kamil atau yang akrab disapa Kang Emil ini mengapresiasi kinerja yang dilakukan oleh anggota kepolisian selama tahun 2022.

#POLISIPENOLONGPRESISI https://t.co/5UAvyXLuBo"
142,1616013647079260162,2023-01-19 10:04:12+00:00,"Ketua Karang Taruna Kota Banjar Apresiasi Keberhasilan Kinerja Polri Dalam Pengamanan ...

dari :https://t.co/R2lVFk6Oaz #karangtaruna #pemuda #karangtarunaindonesia #trending"
143,1616013524953862144,2023-01-19 10:03:43+00:00,"GUBERNUR JAWA BARAT APRESIASI KINERJA KEPOLISIAN SELAMA TAHUN 2022

Gubernur Provinsi Jawa Barat Ridwan Kamil atau yang akrab disapa Kang Emil ini mengapresiasi kinerja yang dilakukan oleh anggota kepolisian selama tahun 2022. https://t.co/4VRSUKqSc8"
144,1616013389104574464,2023-01-19 10:03:10+00:00,"GUBERNUR JAWA BARAT APRESIASI KINERJA KEPOLISIAN SELAMA TAHUN 2022

Gubernur Provinsi Jawa Barat Ridwan Kamil atau yang akrab disapa Kang Emil ini mengapresiasi kinerja yang dilakukan oleh anggota kepolisian selama tahun 2022.

#POLISIPENOLONGPRESISI https://t.co/OQxIvLgOVp"
145,1616013201464000513,2023-01-19 10:02:25+00:00,"Gubernur Provinsi Jawa Barat Ridwan Kamil atau yang akrab disapa Kang Emil ini mengapresiasi kinerja yang dilakukan oleh anggota kepolisian selama tahun 2022.

"" Jawa Barat untuk Polri tercinta."" Ucap gubernur Jabar

#POLISIPENOLONGPRESISI https://t.co/7PJ0Ic7qhJ"
146,1616011947958489088,2023-01-19 09:57:27+00:00,"19-01-2023 APRESIASI GUBERNUR JABAR.mp4GUBERNUR JAWA BARAT APRESIASI KINERJA KEPOLISIAN SELAMA TAHUN 2022

Gubernur Provinsi Jawa Barat Ridwan Kamil atau yang akrab disapa Kang Emil ini mengapresiasi kinerja yang dilakukan oleh anggota kepolisian selama tahun 2022.

Gubernur Jaba https://t.co/z237pGxcmM"
147,1616011649298882562,2023-01-19 09:56:15+00:00,"GUBERNUR JAWA BARAT APRESIASI KINERJA KEPOLISIAN SELAMA TAHUN 2022

Gubernur Provinsi Jawa Barat Ridwan Kamil atau yang akrab disapa Kang Emil ini mengapresiasi kinerja yang dilakukan oleh anggota kepolisian selama tahun 2022.

#POLISIPENOLONGPRESISI https://t.co/qgbyuaVOvm"
148,1616011301477822465,2023-01-19 09:54:52+00:00,"GUBERNUR JAWA BARAT APRESIASI KINERJA KEPOLISIAN SELAMA TAHUN 2022

Gubernur Provinsi Jawa Barat Ridwan Kamil atau yang akrab disapa Kang Emil ini mengapresiasi kinerja yang dilakukan oleh anggota kepolisian selama tahun 2022.

#POLISIPENOLONGPRESISI https://t.co/adj5wsCIiY"
149,1616010829203398659,2023-01-19 09:53:00+00:00,"GUBERNUR JAWA BARAT APRESIASI KINERJA KEPOLISIAN SELAMA TAHUN 2022

Gubernur Provinsi Jawa Barat Ridwan Kamil atau yang akrab disapa Kang Emil ini mengapresiasi kinerja yang dilakukan oleh anggota kepolisian selama tahun 2022.

#POLISIPENOLONGPRESISI https://t.co/aCAr6dXyp0"
150,1616010430400589827,2023-01-19 09:51:25+00:00,"#Repost @humaspoldajabar 
‚Äî‚Äî
GUBERNUR JAWA BARAT APRESIASI KINERJA KEPOLISIAN SELAMA TAHUN 2022

Gubernur Provinsi Jawa Barat Ridwan Kamil atau yang akrab disapa Kang Emil ini mengapresiasi kinerja yang dilakukan oleh anggota kepolisian selama tahun 2022. https://t.co/hqhCPHdAqI"
151,1616010036828082176,2023-01-19 09:49:51+00:00,"GUBERNUR JAWA BARAT APRESIASI KINERJA KEPOLISIAN SELAMA TAHUN 2022

Gubernur Provinsi Jawa Barat Ridwan Kamil atau yang akrab disapa Kang Emil ini mengapresiasi kinerja yang dilakukan oleh anggota kepolisian selama tahun 2022. https://t.co/SnokyELTdS"
152,1616009465232527361,2023-01-19 09:47:35+00:00,"GUBERNUR JAWA BARAT APRESIASI KINERJA KEPOLISIAN SELAMA TAHUN 2022

Gubernur Provinsi Jawa Barat Ridwan Kamil atau yang akrab disapa Kang Emil ini mengapresiasi kinerja yang dilakukan oleh anggota kepolisian selama tahun 2022. https://t.co/JFLqrhaKG2"
153,1616008175605657600,2023-01-19 09:42:27+00:00,"GUBERNUR JAWA BARAT APRESIASI KINERJA KEPOLISIAN SELAMA TAHUN 2022

#POLISIPENOLONGPRESISI https://t.co/wQcNKy3l3x"
154,1616007159015419906,2023-01-19 09:38:25+00:00,"GUBERNUR JAWA BARAT APRESIASI KINERJA KEPOLISIAN SELAMA TAHUN 2022

Gubernur Provinsi Jawa Barat Ridwan Kamil atau yang akrab disapa Kang Emil ini mengapresiasi kinerja yang dilakukan oleh anggota kepolisian selama tahun 2022.

#POLISIPENOLONGPRESISI https://t.co/zqlm9O2fWx"
155,1616006925187166208,2023-01-19 09:37:29+00:00,"GUBERNUR JAWA BARAT APRESIASI KINERJA KEPOLISIAN SELAMA TAHUN 2022

Gubernur Provinsi Jawa Barat Ridwan Kamil atau yang akrab disapa Kang Emil ini mengapresiasi kinerja yang dilakukan oleh anggota kepolisian selama tahun 2022.

#POLISIPENOLONGPRESISI https://t.co/YYJDvDOCuP"
156,1616001811592417280,2023-01-19 09:17:10+00:00,"Dinilai Dari Kinerja dan Efektivitas Penegakan Hukum Ini 5 Kepolisian Terbaik di Dunia, Indonesia? https://t.co/yCnzirRBEj"
157,1615994734404853760,2023-01-19 08:49:03+00:00,"RT @humaspoldajbr: GUBERNUR JAWA BARAT APRESIASI KINERJA KEPOLISIAN SELAMA TAHUN 2022

#POLISIPENOLONGPRESISI https://t.co/60AK96snj4"
158,1615990424350654464,2023-01-19 08:31:55+00:00,"RT @humaspoldajbr: GUBERNUR JAWA BARAT APRESIASI KINERJA KEPOLISIAN SELAMA TAHUN 2022

#POLISIPENOLONGPRESISI https://t.co/60AK96snj4"
159,1615981965567746049,2023-01-19 07:58:18+00:00,https://t.co/GXBFx4yCko
160,1615969390331310081,2023-01-19 07:08:20+00:00,"GUBERNUR JAWA BARAT APRESIASI KINERJA KEPOLISIAN SELAMA TAHUN 2022

#POLISIPENOLONGPRESISI https://t.co/60AK96snj4"
161,1615962632363868160,2023-01-19 06:41:29+00:00,"Haloo Sahabat Humas 
Apa bila anda ingin melaporkan Prilaku yang menyimpang dan kinerja anggota Polri atau PNS Polri Polres Kapuas Hulu Polda Kalbar bisa langsung menghubungi Nomor WA yanduan atau scan barkod postingan ini terhubung lansung ke DIVISI BAG yanduan Mabes Polri https://t.co/U7aki8z6I5"
162,1615952945132228608,2023-01-19 06:02:59+00:00,"@tanyakanrl Halo @DivHumas_Polri mungkin bisa dijelaskan prosedur yg ""pasti"" Terkait pernasalahan ini, melihat gimana respon masuarakat yang meragukan kinerja instansi ini dalam hal emergency seperti kasus ini."
163,1615931826853535744,2023-01-19 04:39:04+00:00,"Untuk meningkatkan kinerja Anggota polri khususnya  pada pagi hari dan siang hari, Paur Sbbag Kerma (Ipda H. Samsul Hadi) bersama Personel Polres Kutai Barat Melaksanakan gatur lalin membantu menyeberangkan anak sekolah di jalan, Kamis (19/01/2023) pagi https://t.co/w2jf5HE7VG"
164,1615928178547228673,2023-01-19 04:24:34+00:00,"Kasubbagrenmin Dit Polairud Polda Sumsel giat pelaksanaan kegiatan ""Rapat TIM POKJA PENYUSUNAN LAPORAN KINERJA INSTANSI¬† PEMERINTAH (LKIP) POLDA SUMSEL. T.A. 2022""

#kapolda_sumsel
#polisi_indonesia
#korpolairud
#polisi_sumsel
#polairud_sumsel
#poldasumsel
https://t.co/5OUmKHucWC"
165,1615925301250514945,2023-01-19 04:13:08+00:00,"Kasubbagrenmin Dit Polairud Polda Sumsel Kompol Heri Lawata, S.H. mengikutikegiatan Rapat Tim Pokja penyusunan Laporan Kinerja Instansi Pemerintah ( LKIP ) Polda Sumsel T.A 2022 di Emilia Hotel Palembang. Rabu ( 18/01/2023)
#polairudsumsel
@korpolairud
@polisi_sumsel https://t.co/36q5uT5fv2"
166,1615924318990630914,2023-01-19 04:09:14+00:00,"@AREAJULID Ada orang yg masih mempertanyakan kinerja polisi aja udah aneh. Ga heran kalo ada isilop yg kenapa2 (contoh kya isilop kena tembak di Papua), respon netizen malah seneng."
167,1615922270727450627,2023-01-19 04:01:06+00:00,@tanyakanrl @hasanbunir Apa polisi gak bisa bedakan laporan orang hilang dan minta pertolongan ? Orang hilang emang nunggu 1 x 24 jam lah kalo laporan penculikan kok disuruh nunggu 1 x 24 jam. MALU SAYA DENGAN KINERJA POLISI
168,1615900821367181314,2023-01-19 02:35:52+00:00,"@Bowoisme1 @Irwan2yah1 Semua ada prosesnya tp jangan nafikkan kinerja kepolisian yg nyatanya  ada perubahan. Silakan di cek dan ajukan komplain kita masyarakat punya hak bertanya. Polisi Jogja disiplin dan loyal, Krn ayahku jg polisi"
169,1615896667030720513,2023-01-19 02:19:21+00:00,@humaspoldajbr Mantap pa saya seneng dengan kinerja polisi semoga negara kita aman kondusif dengan hadirnya polri di tengah masyarakat tetep semangat pa untuk masyarakat.
170,1615894154772647936,2023-01-19 02:09:23+00:00,"RT @humasreswaropen: ""Apel Pagi Awal Kinerja Polri Yang Presisi.""
#DivisiHumasPolri
#PoldaPapua
#PolresWaropen
#PolriPresisi
#Papua
#Warope‚Ä¶"
171,1615879749330665474,2023-01-19 01:12:08+00:00,"Raimanur : gerakan pensiun Dini masal menurut saya karena kinerja pemerintah RI yang sangat buruk
Akan sangat memberatkan seluruh masyarakat Indonesia yang non ASN PNS - TNI -polri"
172,1615874573366591490,2023-01-19 00:51:34+00:00,Apresiasi Kinerja Polri https://t.co/Y9wEvHz4uC
173,1615835164881596418,2023-01-18 22:14:58+00:00,"@HumasPoldaSumut @Irwan2yah1 @DivHumas_Polri @ListyoSigitP Waduh Pak Kinerja anggota Bpk kok buruk sekali ya,kenapa gk copot aja Pak.klo da gk bagus kinerja copot, seluruh jajaran dibawahnya mutasikan, mereka sudah terlalu nyaman. Ayo kerja yng amanah Pak.biar berkah"
174,1615771939896971264,2023-01-18 18:03:44+00:00,"""Apel Pagi Awal Kinerja Polri Yang Presisi.""
#DivisiHumasPolri
#PoldaPapua
#PolresWaropen
#PolriPresisi
#Papua
#Waropen https://t.co/YlqGfKMUaJ"
175,1615734378453413889,2023-01-18 15:34:29+00:00,"Gubernur Provinsi Jawa Barat Ridwan Kamil mengapresiasi kinerja yang dilakukan oleh anggota kepolisian selama tahun 2022.
https://t.co/ZVyXtylGsb 
#BersamaJuara"
176,1615734373160194048,2023-01-18 15:34:28+00:00,"Gubernur Provinsi Jawa Barat Ridwan Kamil mengapresiasi kinerja yang dilakukan oleh anggota kepolisian selama tahun 2022.
https://t.co/orK2ZWpBso 
#BersamaJuara"
177,1615732645576704000,2023-01-18 15:27:36+00:00,"Gubernur Provinsi Jawa Barat Ridwan Kamil mengapresiasi kinerja yang dilakukan oleh anggota kepolisian selama tahun 2022.
https://t.co/z48cl9IcTV 
#BersamaJuara"
178,1615732640719724545,2023-01-18 15:27:35+00:00,"Gubernur Provinsi Jawa Barat Ridwan Kamil mengapresiasi kinerja yang dilakukan oleh anggota kepolisian selama tahun 2022.
https://t.co/Yx6xncqAxi 
#BersamaJuara"
179,1615731172407148545,2023-01-18 15:21:44+00:00,"Gubernur Provinsi Jawa Barat Ridwan Kamil mengapresiasi kinerja yang dilakukan oleh anggota kepolisian selama tahun 2022.
https://t.co/SvLkVTBFOM 
#BersamaJuara"
180,1615731165872422912,2023-01-18 15:21:43+00:00,"Gubernur Provinsi Jawa Barat Ridwan Kamil mengapresiasi kinerja yang dilakukan oleh anggota kepolisian selama tahun 2022.
https://t.co/TsYvtAAir4 
#BersamaJuara"
181,1615728895105589248,2023-01-18 15:12:42+00:00,@AREAJULID Masih gini kinerja polisi kumandan @ListyoSigitP ??
182,1615728028289761281,2023-01-18 15:09:15+00:00,"Gubernur Provinsi Jawa Barat Ridwan Kamil mengapresiasi kinerja yang dilakukan oleh anggota kepolisian selama tahun 2022.
https://t.co/GjDDS6pcrr 
#BersamaJuara"
183,1615728022941995009,2023-01-18 15:09:14+00:00,"Gubernur Provinsi Jawa Barat Ridwan Kamil mengapresiasi kinerja yang dilakukan oleh anggota kepolisian selama tahun 2022.
https://t.co/LgWGTzZNVv 
#BersamaJuara"
184,1615726736645423106,2023-01-18 15:04:07+00:00,"Gubernur Provinsi Jawa Barat Ridwan Kamil mengapresiasi kinerja yang dilakukan oleh anggota kepolisian selama tahun 2022.
https://t.co/MlTsrHDGks 
#BersamaJuara"
185,1615726730697912322,2023-01-18 15:04:06+00:00,"Gubernur Provinsi Jawa Barat Ridwan Kamil mengapresiasi kinerja yang dilakukan oleh anggota kepolisian selama tahun 2022.
https://t.co/ZoL8nZ2mOG 
#BersamaJuara"
186,1615724486824984577,2023-01-18 14:55:11+00:00,"Gubernur Provinsi Jawa Barat Ridwan Kamil mengapresiasi kinerja yang dilakukan oleh anggota kepolisian selama tahun 2022.
https://t.co/fd7XgaTEiV 
#BersamaJuara"
187,1615724477052248064,2023-01-18 14:55:08+00:00,"Gubernur Provinsi Jawa Barat Ridwan Kamil mengapresiasi kinerja yang dilakukan oleh anggota kepolisian selama tahun 2022.
https://t.co/JIvTJ4xSu2 
#BersamaJuara"
188,1615722936291463169,2023-01-18 14:49:01+00:00,"Gubernur Provinsi Jawa Barat Ridwan Kamil mengapresiasi kinerja yang dilakukan oleh anggota kepolisian selama tahun 2022.
https://t.co/Es7UwMWE36 
#BersamaJuara"
189,1615722928523608064,2023-01-18 14:48:59+00:00,"Gubernur Provinsi Jawa Barat Ridwan Kamil mengapresiasi kinerja yang dilakukan oleh anggota kepolisian selama tahun 2022.
https://t.co/e7dSjbWcXR 
#BersamaJuara"
190,1615722511320383488,2023-01-18 14:47:20+00:00,"@tanyakanrl masih awal tahun polisi wakanda sudah menunjukkan kinerja terbaiknya yg sesuai SOP. selagi blm 1x24 jam,tdk peduli korban sekarat atau apapun,tetap hrs menunggu :)"
191,1615722272047902727,2023-01-18 14:46:22+00:00,"Gubernur Provinsi Jawa Barat Ridwan Kamil mengapresiasi kinerja yang dilakukan oleh anggota kepolisian selama tahun 2022.
https://t.co/ttnW5RGlhR 
#BersamaJuara"
192,1615722265093763072,2023-01-18 14:46:21+00:00,"Gubernur Provinsi Jawa Barat Ridwan Kamil mengapresiasi kinerja yang dilakukan oleh anggota kepolisian selama tahun 2022.
https://t.co/yhIhIFYJQW 
#BersamaJuara"
193,1615719636137553920,2023-01-18 14:35:54+00:00,"Gubernur Provinsi Jawa Barat Ridwan Kamil mengapresiasi kinerja yang dilakukan oleh anggota kepolisian selama tahun 2022.
https://t.co/JCBiz3eZ1b 
#BersamaJuara"
194,1615719629808340992,2023-01-18 14:35:53+00:00,"Gubernur Provinsi Jawa Barat Ridwan Kamil mengapresiasi kinerja yang dilakukan oleh anggota kepolisian selama tahun 2022.
https://t.co/iVpntgiNSD 
#BersamaJuara"
195,1615719624041205766,2023-01-18 14:35:51+00:00,"Gubernur Provinsi Jawa Barat Ridwan Kamil mengapresiasi kinerja yang dilakukan oleh anggota kepolisian selama tahun 2022.
https://t.co/uIKfVTgHot 
#BersamaJuara"
196,1615717547122520065,2023-01-18 14:27:36+00:00,"Gubernur Provinsi Jawa Barat Ridwan Kamil mengapresiasi kinerja yang dilakukan oleh anggota kepolisian selama tahun 2022.
https://t.co/D8u9NJDAhm 
#BersamaJuara"
197,1615717538599677954,2023-01-18 14:27:34+00:00,"Gubernur Provinsi Jawa Barat Ridwan Kamil mengapresiasi kinerja yang dilakukan oleh anggota kepolisian selama tahun 2022.
https://t.co/Dqcn4RsHOn 
#BersamaJuara"
198,1615712156758216704,2023-01-18 14:06:11+00:00,"Sdr. Nizar Juni yang merupakan Staf Desa Bojong Rangkas Kecamatan Ciampea Kabupaten Bogor.

Mengapresiasikan kinerja Kapolres Bogor dan Polsek Jajarannya dalam pengamanan NATARU 2023 berjalan dengan baik dan lancar berkat kerja keras Polri khususnya Polres Bogor dan"
199,1615710549928734725,2023-01-18 13:59:48+00:00,@tanyakanrl Itulah hebatnya kinerja kepolisian RI...mengajarkan rakyat utk mandiri menghadapi penjahat @DivHumas_Polri @ListyoSigitP üò•
200,1615703626307043328,2023-01-18 13:32:17+00:00,"Gubernur Provinsi Jawa Barat Ridwan Kamil mengapresiasi kinerja yang dilakukan oleh anggota kepolisian selama tahun 2022.
https://t.co/P8tnbDXeSo 
#BersamaJuara"
201,1615703620976283650,2023-01-18 13:32:16+00:00,"Gubernur Provinsi Jawa Barat Ridwan Kamil mengapresiasi kinerja yang dilakukan oleh anggota kepolisian selama tahun 2022.
https://t.co/EK4Xq9fOk3 
#BersamaJuara"
202,1615702356766904320,2023-01-18 13:27:14+00:00,"Gubernur Provinsi Jawa Barat Ridwan Kamil mengapresiasi kinerja yang dilakukan oleh anggota kepolisian selama tahun 2022.
https://t.co/Bwd3pnYKIF 
#BersamaJuara"
203,1615702283563732992,2023-01-18 13:26:57+00:00,"Gubernur Provinsi Jawa Barat Ridwan Kamil mengapresiasi kinerja yang dilakukan oleh anggota kepolisian selama tahun 2022.
https://t.co/NVCrR5xBaY 
#BersamaJuara"
204,1615697652867543041,2023-01-18 13:08:33+00:00,"Gubernur Provinsi Jawa Barat Ridwan Kamil mengapresiasi kinerja yang dilakukan oleh anggota kepolisian selama tahun 2022.
https://t.co/q3Cw8FOAGl 
#BersamaJuara"
205,1615695933584605186,2023-01-18 13:01:43+00:00,sebagai bentuk apresiasi kinerja kepolisian setempat https://t.co/XAmVte1CAs
206,1615671386445602823,2023-01-18 11:24:10+00:00,Udah cape gua ngetawain kinerja polisi luar negeri. https://t.co/sLCINe49cP
207,1615651403044732928,2023-01-18 10:04:46+00:00,"Ketua Karang Taruna Kota Banjar Apresiasi Keberhasilan Kinerja Polri Khususnya Polres Banjar |
dari :https://t.co/SKirjT9vPk #karangtaruna #pemuda #karangtarunaindonesia #trending"
208,1615651401048137729,2023-01-18 10:04:46+00:00,"Ketua Karang Taruna Kota Banjar Apresiasi Keberhasilan Kinerja Polri Khususnya Polres Banjar
dari :https://t.co/Oq5u0w3Urm #karangtaruna #pemuda #karangtarunaindonesia #trending"
209,1615643467530764288,2023-01-18 09:33:14+00:00,@addxtiv @rezaimamri @GoodGaminGG @mazzini_gsp Apakah Anda percaya dengan kinerja polisi? Apakah Anda tetap denial ü§≠
210,1615610934806081536,2023-01-18 07:23:58+00:00,"Apabila sobat polri ingin melaporkan perilaku menyimpang serta kinerja anggota Polri/PNS Polri Polda Kalbar bisa langsung menghubungi nomor WA yanduan atau scan barcode di atas yang nantinya akan terhubung langsung ke admin Bag Yanduan Divpropam Mabes Polri.
#bidpropampoldakalbar https://t.co/gwcBWjvscE"
211,1615560847094317056,2023-01-18 04:04:56+00:00,"Ketua Karang Taruna Kota Banjar Apresiasi Keberhasilan Kinerja Polri Khususnya Polres Banjar
dari :https://t.co/iZAqwA2hOy #karangtaruna #pemuda #karangtarunaindonesia #trending"
212,1615560845332733953,2023-01-18 04:04:55+00:00,"Ketua Karang Taruna Kota Banjar Apresiasi Keberhasilan Kinerja Polri Khususnya Polres Banjar
dari :https://t.co/Qtw4AwRnOE #karangtaruna #pemuda #karangtarunaindonesia #trending"
213,1615558626655236097,2023-01-18 03:56:06+00:00,"Gubernur Provinsi Jawa Barat Ridwan Kamil mengapresiasi kinerja yang dilakukan oleh anggota kepolisian selama tahun 2022.
https://t.co/Pqh0tayaDv 
#BersamaJuara"
214,1615556264368701440,2023-01-18 03:46:43+00:00,"#polisipenolongpresisi 
#polisiganteng 
#polisijawatimurganteng 
#polisijatimganteng 
@DivHumas_Polri
@HumasPoldaJatim
Semoga bermanfaat dalam meningkatkan kinerja dalam melayani masyarakat ü•∞ https://t.co/w0w6GvajsU"
215,1615556231485337600,2023-01-18 03:46:35+00:00,"@HumasPoldaJatim @DivHumas_Polri #polisipenolongpresisi 
#polisiganteng 
#polisijawatimurganteng 
#polisijatimganteng 
@DivHumas_Polri
@HumasPoldaJatim
Semoga bermanfaat dalam meningkatkan kinerja dalam melayani masyarakat ü•∞"
216,1615555180749283333,2023-01-18 03:42:25+00:00,"Kasubbagrenmin Dit Polairud Polda Sumsel Kompol Heri Lawata, S.H. mengikuti giat Evaluasi kinerja Anggaran Polda Sumsel T.A 2022 di pimpin Karorena Polda Sumsel Kombes Pol. Agus Santosa, S.H.S.I.K di Emilia Hotel Senin (16 januari 2023)
#polairudsumsel
@korpolairud
@polisi_sumsel https://t.co/vetZQ5SelT"
217,1615553082167021570,2023-01-18 03:34:04+00:00,@Polresta_Bms semoga dengan kinerja baik polresta banyumas dapat menaikkan kepercayaan masyarakat kepada institusi polriüî•
218,1615547211605245952,2023-01-18 03:10:45+00:00,"@yogiekosaputra2 Terimakasih sobat polri, Sinergitas TNI-Polri tentu tak akan pernah lepas dari peran dan dukungan masyarakat. Maka dari itu, mohon dukungan dan doa untuk TNI-Polri ya sobat, demi kinerja dan pengabdian yang semakin baik untuk memelihara Kamtibmas di NKRI üí™üèªüòá"
219,1615547200725188608,2023-01-18 03:10:42+00:00,"@pappuyyy Terimakasih sobat polri, Sinergitas TNI-Polri tentu tak akan pernah lepas dari peran dan dukungan masyarakat. Maka dari itu, mohon dukungan dan doa untuk TNI-Polri ya sobat, demi kinerja dan pengabdian yang semakin baik untuk memelihara Kamtibmas di NKRI üí™üèªüòá"
220,1615547098040274944,2023-01-18 03:10:18+00:00,"@Giandini83 Terimakasih sobat polri, Sinergitas TNI-Polri tentu tak akan pernah lepas dari peran dan dukungan masyarakat. Maka dari itu, mohon dukungan dan doa untuk TNI-Polri ya sobat, demi kinerja dan pengabdian yang semakin baik untuk memelihara Kamtibmas di NKRI üí™üèªüòá"
221,1615547080331919362,2023-01-18 03:10:14+00:00,"@ParamidaSovia Terimakasih sobat polri, Sinergitas TNI-Polri tentu tak akan pernah lepas dari peran dan dukungan masyarakat. Maka dari itu, mohon dukungan dan doa untuk TNI-Polri ya sobat, demi kinerja dan pengabdian yang semakin baik untuk memelihara Kamtibmas di NKRI üí™üèªüòá"
222,1615547067774160897,2023-01-18 03:10:11+00:00,"@BagaskoroSH Terimakasih sobat polri, Sinergitas TNI-Polri tentu tak akan pernah lepas dari peran dan dukungan masyarakat. Maka dari itu, mohon dukungan dan doa untuk TNI-Polri ya sobat, demi kinerja dan pengabdian yang semakin baik untuk memelihara Kamtibmas di NKRI üí™üèªüòá"
223,1615547053769396224,2023-01-18 03:10:07+00:00,"@Anesthesiaandin Terimakasih sobat polri, Sinergitas TNI-Polri tentu tak akan pernah lepas dari peran dan dukungan masyarakat. Maka dari itu, mohon dukungan dan doa untuk TNI-Polri ya sobat, demi kinerja dan pengabdian yang semakin baik untuk memelihara Kamtibmas di NKRI üí™üèªüòá"
224,1615547036266553344,2023-01-18 03:10:03+00:00,"@RakaAudri Terimakasih sobat polri, Sinergitas TNI-Polri tentu tak akan pernah lepas dari peran dan dukungan masyarakat. Maka dari itu, mohon dukungan dan doa untuk TNI-Polri ya sobat, demi kinerja dan pengabdian yang semakin baik untuk memelihara Kamtibmas di NKRI üí™üèªüòá"
225,1615547022857363458,2023-01-18 03:10:00+00:00,"@tiarakarimah82 Terimakasih sobat polri, Sinergitas TNI-Polri tentu tak akan pernah lepas dari peran dan dukungan masyarakat. Maka dari itu, mohon dukungan dan doa untuk TNI-Polri ya sobat, demi kinerja dan pengabdian yang semakin baik untuk memelihara Kamtibmas di NKRI üí™üèªüòá"
226,1615547002229764097,2023-01-18 03:09:55+00:00,"@yosssayy Terimakasih sobat polri, Sinergitas TNI-Polri tentu tak akan pernah lepas dari peran dan dukungan masyarakat. Maka dari itu, mohon dukungan dan doa untuk TNI-Polri ya sobat, demi kinerja dan pengabdian yang semakin baik untuk memelihara Kamtibmas di NKRI üí™üèªüòá"
227,1615546992436076547,2023-01-18 03:09:53+00:00,"@bastianalex97 Terimakasih sobat polri, Sinergitas TNI-Polri tentu tak akan pernah lepas dari peran dan dukungan masyarakat. Maka dari itu, mohon dukungan dan doa untuk TNI-Polri ya sobat, demi kinerja dan pengabdian yang semakin baik untuk memelihara Kamtibmas di NKRI üí™üèªüòá"
228,1615546978204782593,2023-01-18 03:09:49+00:00,"@asnita_salsa Terimakasih sobat polri, Sinergitas TNI-Polri tentu tak akan pernah lepas dari peran dan dukungan masyarakat. Maka dari itu, mohon dukungan dan doa untuk TNI-Polri ya sobat, demi kinerja dan pengabdian yang semakin baik untuk memelihara Kamtibmas di NKRI üí™üèªüòá"
229,1615546968234917889,2023-01-18 03:09:47+00:00,"@budiantokusuma2 Terimakasih sobat polri, Sinergitas TNI-Polri tentu tak akan pernah lepas dari peran dan dukungan masyarakat. Maka dari itu, mohon dukungan dan doa untuk TNI-Polri ya sobat, demi kinerja dan pengabdian yang semakin baik untuk memelihara Kamtibmas di NKRI üí™üèªüòá"
230,1615546957568815109,2023-01-18 03:09:44+00:00,"@thefeelingof1 Terimakasih sobat polri, Sinergitas TNI-Polri tentu tak akan pernah lepas dari peran dan dukungan masyarakat. Maka dari itu, mohon dukungan dan doa untuk TNI-Polri ya sobat, demi kinerja dan pengabdian yang semakin baik untuk memelihara Kamtibmas di NKRI üí™üèªüòá"
231,1615546875918311424,2023-01-18 03:09:25+00:00,"@mamba_oke Terimakasih sobat polri, Sinergitas TNI-Polri tentu tak akan pernah lepas dari peran dan dukungan masyarakat. Maka dari itu, mohon dukungan dan doa untuk TNI-Polri ya sobat, demi kinerja dan pengabdian yang semakin baik untuk memelihara Kamtibmas di NKRI üí™üèªüòá"
232,1615546862668517377,2023-01-18 03:09:22+00:00,"@verra1_mownicah Terimakasih sobat polri, Sinergitas TNI-Polri tentu tak akan pernah lepas dari peran dan dukungan masyarakat. Maka dari itu, mohon dukungan dan doa untuk TNI-Polri ya sobat, demi kinerja dan pengabdian yang semakin baik untuk memelihara Kamtibmas di NKRI üí™üèªüòá"
233,1615544639876116481,2023-01-18 03:00:32+00:00,"@bastianalex97 Terimakasih atas responnya sobat Polri. Kami akan berusaha sebaik mungkin untuk menindaklanjuti sesuai dengan hukum yang berlaku. Mohon dukungannya, peran serta masyarakat juga sangat membantu untuk memberantas narkoba dan membantu kinerja kepolisian.üòäüôè"
234,1615544558288527360,2023-01-18 03:00:12+00:00,"@yogiekosaputra2 Terimakasih atas responnya sobat Polri. Kami akan berusaha sebaik mungkin untuk menindaklanjuti sesuai dengan hukum yang berlaku. Mohon dukungannya, peran serta masyarakat juga sangat membantu untuk memberantas narkoba dan membantu kinerja kepolisian. Terimakasih üòäüôè"
235,1615540351560978433,2023-01-18 02:43:29+00:00,"RT @PolresTasikKota: Ketua Da‚Äôi Kamtibmas, Apresiasi Kinerja Polri Khususnya Polres Tasikmalaya¬†Kota https://t.co/oHUAoZnaI0"
236,1615536140114694145,2023-01-18 02:26:45+00:00,"Ketua Da‚Äôi Kamtibmas, Apresiasi Kinerja Polri Khususnya Polres Tasikmalaya¬†Kota https://t.co/oHUAoZnaI0"
237,1615520691918622722,2023-01-18 01:25:22+00:00,"Gubernur Provinsi Jawa Barat Ridwan Kamil mengapresiasi kinerja yang dilakukan oleh anggota kepolisian selama tahun 2022.
https://t.co/ScetX8iLiR 
#BersamaJuara"
238,1615385090040942593,2023-01-17 16:26:32+00:00,"Kasubbagrenmin Dit Polairud Polda Sumsel mengikuti pelaksanaan kegiatan¬† Evaluasi Kinerja Anggaran Polda Sumsel TA 2022 di
Emilia Hotel By Amazing, Kota Palembang

#kapolda_sumsel
#polisi_indonesia
#korpolairud
#polisi_sumsel
#polairud_sumsel
#poldasumsel
https://t.co/3HDsF9t43B"
239,1615382308483207168,2023-01-17 16:15:29+00:00,"RT @RestuBu91084539: @DivHumas_Polri Saya jadi ragu 
dengan kinerja kapolri
Kemarin saya sudah sangat pecaya dgn polri. Tapi dgn kejadian i‚Ä¶"
240,1615330257422385153,2023-01-17 12:48:39+00:00,Area Manager PT. Jasa Marga  Tollroad Operator (JMTO) Ruas Padaleunyi - Cipularang Apresiasi Kinerja Polri menjaga Sinergitas saat Kegiatan Ops Nataru 2022 https://t.co/d1opbsO7Yy
241,1615297631621713920,2023-01-17 10:39:00+00:00,Teh Eli Apresiasi Kinerja Polri Yang Presisi dan¬†Profesional https://t.co/m7M1sEVEI9
242,1615297091705917441,2023-01-17 10:36:52+00:00,@SenoIttalk @detikcom Kalau polisi yang bawa mobil dan ada bocil begitu harusnya sih yang salah bocil. Karena bakal dianggap menghambat kinerja gitu ga sih? CMIIW
243,1615294133433937921,2023-01-17 10:25:06+00:00,"Iman Soleh, Seniman-Budayawan JABAR-Pengajar ISBI Bandung.Berikan Apresiasi Kinerja Polri

Bapak Iman Soleh, Komunitas Celah Celah Langit Jalan Dr. Setiabudi Gg. Bapak Eni No. 8/169 A Kel.Ledeng Kec.Cidadap Kota Bandung, Wilkum Polsek Cidadap Polrestabes Bandung. Selasa, 17/01/23 https://t.co/pqvfJBxC4Q"
244,1615289033193570304,2023-01-17 10:04:50+00:00,"Ketua Karang Taruna Kota Banjar Apresiasi Keberhasilan Kinerja Polri Khususnya Polres Banjar
dari :https://t.co/BcIZ5Hm40M #karangtaruna #pemuda #karangtarunaindonesia #trending"
245,1615286407546957824,2023-01-17 09:54:24+00:00,https://t.co/bRWArznExB
246,1615285076329365504,2023-01-17 09:49:07+00:00,"Ketua FPRN Jawa Barat Beri Apresiasi Atas Kinerja Polda Jawa Barat Dalam Mengimplementasikan Polri Yang Presisi 

 https://t.co/PMfL9b1Z9t"
247,1615281617819377666,2023-01-17 09:35:22+00:00,Gubernur Jawa Barat Apresiasi Kinerja Kepolisian Selama Tahun¬†2022 https://t.co/oAtiovj9Nq
248,1615265558932639749,2023-01-17 08:31:34+00:00,"Pimpinan Yayasan Assalam Kota Bandung Apresiasi Kinerja Polri Saat Giat Sambang
Bhabinkamtibmas Kelurahan Balonggede Polsek Regol Polrestabes Bandung Aiptu Agus Sutiawan melaksanakan sambang Dan silaturohmi kepada Pimpinan Yayasan Assalam KH.Habib Syarief Muhammad Al  AYDRUS. https://t.co/HkNjJ5Bd2B"
249,1615258038688190465,2023-01-17 08:01:41+00:00,"MOTIFASI 2023üí™üí™üí™üá≤üá®üá≤üá®ü´∞‚ù§Ô∏èü§ç

MOTIFASI TAHUN https://t.co/ZLkfoE5TBtüôèüôèüôè
Semangat dan profesional dalam melaksanakan kinerja sebagai Anggota Kepolisian Republik Indonesiaüá≤üá®üá≤üá® dalam Melayani, Mengayomi dan Melindungi masyarakat.
#PolsekTanjungHarapan
#KamiSiapMelayaniAnda https://t.co/bHWqRIAYiB"
250,1615255042520674304,2023-01-17 07:49:46+00:00,"Tokoh Agama KH Tengku Maulana,S.M Pimpinan Majelis Taklim Nurhafa Husnul  Khotimah Kelurahan Batununggal Kec.Bandung Kidul Kota Bandung Apresiasi Kinerja Polri saat kegiatan sambang https://t.co/5QxxL0XENI"
251,1615251010641072129,2023-01-17 07:33:45+00:00,"Ketua MUI Bandung Apresiasi Kinerja Polri saat Kegiatan Sambang.
. https://t.co/FVAom2UCC7"
252,1615246769390260224,2023-01-17 07:16:54+00:00,"Ketua MUI Bandung Apresiasi Kinerja Polri saat Kegiatan Sambang.

*Polrestabes Bandung* Selasa 17 Januari 2023 bertempat Jl. Sidomukti no. 39 Kel. Sukaluyu, Kanit Binmas Ipda Sudiyono, beserta Babinkamtibmas telah melaksanakan Sambang dan Silaturahmi kepada KH. DR. Miftah Farid https://t.co/6d5T9kNV6A"
253,1615246646744604672,2023-01-17 07:16:25+00:00,"Ketua FKUB Kota dan Kabupaten Sukabumi Apresiasi Kinerja Polri

#polripenolongpresisi https://t.co/vFdYSqztys"
254,1615245085746290688,2023-01-17 07:10:12+00:00,"Ketua MUI Bandung Apresiasi Kinerja Polri saat Kegiatan Sambang.

*Polrestabes Bandung* Selasa 17 Januari 2023 bertempat Jl. Sidomukti no. 39 Kel. Sukaluyu, Kanit Binmas Ipda Sudiyono, beserta Babinkamtibmas telah melaksanakan Sambang dan Silaturahmi kepada KH. DR. Miftah Farid https://t.co/sJ8H3hJEQM"
255,1615241729766195200,2023-01-17 06:56:52+00:00,"Ketua MUI Bandung Apresiasi Kinerja Polri saat Kegiatan Sambang.

*Polrestabes Bandung* Selasa 17 Januari 2023 bertempat Jl. Sidomukti no. 39 Kel. Sukaluyu, Kanit Binmas Ipda Sudiyono, beserta Babinkamtibmas Sambang dan Silaturahmi kepada KH. DR. Miftah Farid (Ketua MUI Kota Bdg https://t.co/qRjZPkpnIb"
256,1615240773129351168,2023-01-17 06:53:04+00:00,"Kinerja Polri mendapat apresiasi dari sederet tokoh masyarakat di awal tahun 2023 ini. Apresiasi berdatangan dari berbagai lapisan masyarakat, seperti 
H. Ahmad Juheri, yang merupakan ketua Rt.06 Rw.06 Kelurahan sindang barang dalam wilayah Hukum Polsek Bogor Barat, https://t.co/AC2uYQ82lm"
257,1615239821173161984,2023-01-17 06:49:17+00:00,Ketua Karang Taruna Kota Banjar Apresiasi Keberhasilan Kinerja Polri Khususnya Polres¬†Banjar https://t.co/WtStAnqTWa
258,1615239128110751744,2023-01-17 06:46:32+00:00,"RT @RESTABES_BDG: Apresiasi Ketua Umum MUI Kota Bandung KH MIFTAH FARID terhadap Kinerja Polri dalam menjaga Kamtibmas di Kota Bandung
#Pol‚Ä¶"
259,1615238373643522049,2023-01-17 06:43:32+00:00,"Ketua MUI Bandung Apresiasi Kinerja Polri saat Kegiatan Sambang.

*Polrestabes Bandung* Selasa 17 Januari 2023 bertempat Jl. Sidomukti no. 39 Kel. Sukaluyu, Kanit Binmas Ipda Sudiyono, beserta Babinkamtibmas telah melaksanakan Sambang dan Silaturahmi kepada KH. DR. Miftah Farid https://t.co/fa84AO5qfN"
260,1615238016859275266,2023-01-17 06:42:07+00:00,"Ketua MUI Bandung Apresiasi Kinerja Polri saat Kegiatan Sambang.

*Polrestabes Bandung* Selasa 17 Januari 2023 bertempat Jl. Sidomukti no. 39 Kel. Sukaluyu, Kanit Binmas Ipda Sudiyono, beserta Babinkamtibmas telah melaksanakan Sambang dan Silaturahmi kepada KH. DR. Miftah Farid https://t.co/mnX1M7rpI9"
261,1615236399732789250,2023-01-17 06:35:41+00:00,"Ketua MUI Bandung Apresiasi Kinerja Polri saat Kegiatan Sambang.

*Polrestabes Bandung* Selasa 17 Januari 2023 bertempat Jl. Sidomukti no. 39 Kel. Sukaluyu, Kanit Binmas Ipda Sudiyono, beserta Babinkamtibmas telah melaksanakan Sambang dan Silaturahmi kepada KH. DR. Miftah Farid https://t.co/28lZPJ1ca3"
262,1615235593218437121,2023-01-17 06:32:29+00:00,Ketua MUI Bandung Apresiasi Kinerja Polri saat Kegiatan Sambang. https://t.co/L7jtR9Af1G
263,1615234714138464257,2023-01-17 06:29:00+00:00,"Ketua MUI Bandung Apresiasi Kinerja Polri saat Kegiatan Sambang
selasa 17 Januari 2023 bertempat Jl. Sidomukti no. 39 Kel. Sukaluyu, Kanit Binmas Ipda Sudiyono, beserta Babinkamtibmas telah melaksanakan Sambang dan Silaturahmi kepada KH. DR. Miftah Farid (Ketua MUI Kota Bandung) https://t.co/6mVO49HnkL"
264,1615223712214810624,2023-01-17 05:45:17+00:00,"Dosen Universitas Al-Ghifari Bandung, Berikan Apresiasi Kinerja Polri Khususnya Polda Jabar https://t.co/PUKlZkClZP https://t.co/Xp4DJvDoc8"
265,1615213899879690240,2023-01-17 05:06:17+00:00,"RT @RESTABES_BDG: Apresiasi Ketua Umum MUI Kota Bandung KH MIFTAH FARID terhadap Kinerja Polri dalam menjaga Kamtibmas di Kota Bandung
#Pol‚Ä¶"
266,1615191228106297347,2023-01-17 03:36:12+00:00,Testimony dari Aparatur Desa Jayaputra Kec. Sariwangi tentang Apresiasi Kinerja terhadap Polri. https://t.co/fK8AgPt90t
267,1615189907315789825,2023-01-17 03:30:57+00:00,Testimony dari Aparatur Desa Jayaputra Kec. Sariwangi tentang Apresiasi Kinerja terhadap Polri https://t.co/FzIDCKXo5l
268,1615182967974027264,2023-01-17 03:03:22+00:00,"Apresiasi Ketua Umum MUI Kota Bandung KH MIFTAH FARID terhadap Kinerja Polri dalam menjaga Kamtibmas di Kota Bandung
#Polisipenolongpresisi https://t.co/EC0o6QDLwO"
269,1615172637923368960,2023-01-17 02:22:19+00:00,"@DivHumas_Polri Saya percaya atas kinerja polri, saya yakin ada yg menggerakkan K2 belah pihak.."
270,1615152589334777856,2023-01-17 01:02:40+00:00,"Mohon ijin Komandan, melaporkan Bersama ini mengirimkan Video Testimoni  Apresiasi terhadap Polri dari Tokoh Agama sdr. Ustad Nono MUI Kec Parungponteng.
Video testimoni apresiasi terhadap kinerja polri terlampir.Dum https://t.co/yt5v2O3foU"
271,1615152183288430596,2023-01-17 01:01:03+00:00,"Mohon ijin Komandan, melaporkan Bersama ini mengirimkan Video Testimoni  Apresiasi terhadap Polri dari Tokoh Masyarakat sdr. Rohidin Kec Parungponteng.
Video testimoni apresiasi terhadap kinerja polri terlampir.Dum https://t.co/FKj7A3EsZQ"
272,1615133786941030402,2023-01-16 23:47:57+00:00,"@DivHumas_Polri Saya jadi ragu 
dengan kinerja kapolri
Kemarin saya sudah sangat pecaya dgn polri. Tapi dgn kejadian ini.. Mulai surut kepercayaan saya terhadap polri.. Memang benar. Bahwa keadilan di negri ini  nihil buat rakyat kecil.."
273,1615128537945767937,2023-01-16 23:27:05+00:00,https://t.co/gW84WGQ3DC
274,1615127482059091968,2023-01-16 23:22:53+00:00,https://t.co/yM5ziuycul
275,1615036404744228864,2023-01-16 17:20:59+00:00,"Nggk bisa berkata apa apa lagi. Kinerja aparatnya emang ribet dan gaje. Pernah skali hp gw dijambret dari dlm mobil, lokasi deket pos polisi yg masih rame, pas lapor mereka blng mesti bikin surat keterangan dari kantor pusat yg jauh banget, mana kondisi jam 10 malam lagi üôÑ https://t.co/MshjkCPjOK"
276,1615022674413252609,2023-01-16 16:26:25+00:00,https://t.co/0rW4o5bVPy
277,1615021880481820673,2023-01-16 16:23:16+00:00,https://t.co/0TB1VrQ4Gf
278,1615005452282265602,2023-01-16 15:17:59+00:00,"Apel Senin Pagi, Kapolres Metro Bekasi Kota Beri Arahan dan Evaluasi Kinerja Selama Satu Minggu https://t.co/XABu2J5mNc @DivHumas_Polri @poldametrojaya @Poldametrojaya_ @restrobkskota"
279,1615001358972878850,2023-01-16 15:01:43+00:00,"Kepala Satuan Polisi Pamong Praja Kabupaten Pringsewu Ibnu Harjiyanto, S.Pd mengikuti Rapat Koordinasi untuk mengetahui Capaian Kinerja Pelaporan Penerapan SPM Pra Triwulan IV Tahun Anggaran 2022 di seluruh Indonesia melalui Video Conference di Ruang Vicon Bupati. (16/01/2023). https://t.co/4tX7vJh2tB"
280,1614979077756293122,2023-01-16 13:33:11+00:00,"@e100ss @DivHumas_Polri LEK URUSAN BOKEP AE CEPET. MASALAH BEGINI LEMOT NAUDZUBILLAH.. HIIH SUMPAH NGGILANI..
MISAL E RAKYAT ISA KASIH RATING KINERJA POLRI, YAKIN RATING KALIAN GK JAUH2 DARI BINTANG 1.
AAJAJANAJJSJRJR MENDIDIH BANGET BACA BERITA INI.."
281,1614908617861337089,2023-01-16 08:53:12+00:00,"Wali Kota Cirebon Drs. Nasrudin Azis, S.H. Berikan Apresiasi Atas Kinerja Polri https://t.co/NpD5EierhF"
282,1614888478239764482,2023-01-16 07:33:11+00:00,"@ParamidaSovia Terimakasih sobat Polri, semangat Polri dalam memberikan kontribusi tentunya tak akan pernah lepas dari peran dan dukungan masyarakat, maka dari itu, mohon dukungan dan doa yang tanpa henti untuk Polri ya sobat, demi kinerja dan pengabdian yang semakin baik. üòáüôè"
283,1614888463555518465,2023-01-16 07:33:07+00:00,"@RakaAudri Terimakasih sobat Polri, semangat Polri dalam memberikan kontribusi tentunya tak akan pernah lepas dari peran dan dukungan masyarakat, maka dari itu, mohon dukungan dan doa yang tanpa henti untuk Polri ya sobat, demi kinerja dan pengabdian yang semakin baik. üòáüôè"
284,1614888438989475841,2023-01-16 07:33:01+00:00,"@tiarakarimah82 Terimakasih sobat Polri, semangat Polri dalam memberikan kontribusi tentunya tak akan pernah lepas dari peran dan dukungan masyarakat, maka dari itu, mohon dukungan dan doa yang tanpa henti untuk Polri ya sobat, demi kinerja dan pengabdian yang semakin baik. üòáüôè"
285,1614888423260835841,2023-01-16 07:32:57+00:00,"@fajrigunawan06 Terimakasih sobat Polri, semangat Polri dalam memberikan kontribusi tentunya tak akan pernah lepas dari peran dan dukungan masyarakat, maka dari itu, mohon dukungan dan doa yang tanpa henti untuk Polri ya sobat, demi kinerja dan pengabdian yang semakin baik. üòáüôè"
286,1614888405019811840,2023-01-16 07:32:53+00:00,"@verra1_mownicah Terimakasih sobat Polri, semangat Polri dalam memberikan kontribusi tentunya tak akan pernah lepas dari peran dan dukungan masyarakat, maka dari itu, mohon dukungan dan doa yang tanpa henti untuk Polri ya sobat, demi kinerja dan pengabdian yang semakin baik. üòáüôè"
287,1614888392516571136,2023-01-16 07:32:50+00:00,"@17Capoenk Terimakasih sobat Polri, semangat Polri dalam memberikan kontribusi tentunya tak akan pernah lepas dari peran dan dukungan masyarakat, maka dari itu, mohon dukungan dan doa yang tanpa henti untuk Polri ya sobat, demi kinerja dan pengabdian yang semakin baik. üòáüôè"
288,1614888377836527616,2023-01-16 07:32:47+00:00,"@pappuyyy Terimakasih sobat Polri, semangat Polri dalam memberikan kontribusi tentunya tak akan pernah lepas dari peran dan dukungan masyarakat, maka dari itu, mohon dukungan dan doa yang tanpa henti untuk Polri ya sobat, demi kinerja dan pengabdian yang semakin baik. üòáüôè"
289,1614888367426260992,2023-01-16 07:32:44+00:00,"@asnita_salsa Terimakasih sobat Polri, semangat Polri dalam memberikan kontribusi tentunya tak akan pernah lepas dari peran dan dukungan masyarakat, maka dari itu, mohon dukungan dan doa yang tanpa henti untuk Polri ya sobat, demi kinerja dan pengabdian yang semakin baik. üòáüôè"
290,1614888357146025986,2023-01-16 07:32:42+00:00,"@thefeelingof1 Terimakasih sobat Polri, semangat Polri dalam memberikan kontribusi tentunya tak akan pernah lepas dari peran dan dukungan masyarakat, maka dari itu, mohon dukungan dan doa yang tanpa henti untuk Polri ya sobat, demi kinerja dan pengabdian yang semakin baik. üòáüôè"
291,1614888346681212932,2023-01-16 07:32:39+00:00,"@budiantokusuma2 Terimakasih sobat Polri, semangat Polri dalam memberikan kontribusi tentunya tak akan pernah lepas dari peran dan dukungan masyarakat, maka dari itu, mohon dukungan dan doa yang tanpa henti untuk Polri ya sobat, demi kinerja dan pengabdian yang semakin baik. üòáüôè"
292,1614888320986935297,2023-01-16 07:32:33+00:00,"@Anesthesiaandin Terimakasih sobat Polri, semangat Polri dalam memberikan kontribusi tentunya tak akan pernah lepas dari peran dan dukungan masyarakat, maka dari itu, mohon dukungan dan doa yang tanpa henti untuk Polri ya sobat, demi kinerja dan pengabdian yang semakin baik. üòáüôè"
293,1614888309876232192,2023-01-16 07:32:30+00:00,"@BagaskoroSH Terimakasih sobat Polri, semangat Polri dalam memberikan kontribusi tentunya tak akan pernah lepas dari peran dan dukungan masyarakat, maka dari itu, mohon dukungan dan doa yang tanpa henti untuk Polri ya sobat, demi kinerja dan pengabdian yang semakin baik. üòáüôè"
294,1614888299214278656,2023-01-16 07:32:28+00:00,"@yogiekosaputra2 Terimakasih sobat Polri, semangat Polri dalam memberikan kontribusi tentunya tak akan pernah lepas dari peran dan dukungan masyarakat, maka dari itu, mohon dukungan dan doa yang tanpa henti untuk Polri ya sobat, demi kinerja dan pengabdian yang semakin baik. üòáüôè"
295,1614888285880606720,2023-01-16 07:32:25+00:00,"@mamba_oke Terimakasih sobat Polri, semangat Polri dalam memberikan kontribusi tentunya tak akan pernah lepas dari peran dan dukungan masyarakat, maka dari itu, mohon dukungan dan doa yang tanpa henti untuk Polri ya sobat, demi kinerja dan pengabdian yang semakin baik. üòáüôè"
296,1614888271510933504,2023-01-16 07:32:21+00:00,"@YRisella Terimakasih sobat Polri, semangat Polri dalam memberikan kontribusi tentunya tak akan pernah lepas dari peran dan dukungan masyarakat, maka dari itu, mohon dukungan dan doa yang tanpa henti untuk Polri ya sobat, demi kinerja dan pengabdian yang semakin baik. üòáüôè"
297,1614878806862618625,2023-01-16 06:54:45+00:00,"KOPI BARENG bersama  bapak kapolsek su1  di Mako Polsek sekaligus  anev mingguan  mengoreksi giat kinerja personil
@polisi_palembang 
@polisi_sumsel 
@ahmad_firdaus_wp 
@polisi_sumsel
https://t.co/X5KV53mVqw"
298,1614861547620401153,2023-01-16 05:46:10+00:00,"Kinerja TNI POLRI dipertaruhkan dalam menghadapi KKB Papua.

#DukungTNIPolriDiPapua https://t.co/wpJVvVLYKZ"
299,1614855477401358336,2023-01-16 05:22:03+00:00,RT @HumasPolsekBgl: Sidokes Polres Bangli berikan pelayanan pemeriksaan kesehatan kepada Anggota Polri di Polsek Bangli untuk menunjang kin‚Ä¶
300,1614853426885849089,2023-01-16 05:13:54+00:00,"@ParamidaSovia Terimakasih atas responnya sobat üòä Kami akan berusaha sebaik mungkin untuk menindaklanjuti sesuai dengan hukum yang berlaku. Mohon dukungannya, peran serta masyarakat juga sangat membantu untuk memberantas narkoba dan membantu kinerja Kepolisian. üôè"
301,1614853394501337093,2023-01-16 05:13:46+00:00,"@KomselNavy Terimakasih atas responnya sobat üòä Kami akan berusaha sebaik mungkin untuk menindaklanjuti sesuai dengan hukum yang berlaku. Mohon dukungannya, peran serta masyarakat juga sangat membantu untuk memberantas narkoba dan membantu kinerja Kepolisian. üôè"
302,1614853315225079809,2023-01-16 05:13:27+00:00,"@thefeelingof1 Terimakasih atas responnya sobatüòä Kami akan berusaha sebaik mungkin untuk menindaklanjuti sesuai dengan hukum yang berlaku. Mohon dukungannya, peran serta masyarakat juga sangat membantu untuk memberantas narkoba dan membantu kinerja Kepolisian. üôè"
303,1614846178142879745,2023-01-16 04:45:05+00:00,"Sidokes Polres Bangli berikan pelayanan pemeriksaan kesehatan kepada Anggota Polri di Polsek Bangli untuk menunjang kinerja Polri dalam menjaga kamtibmas.
#poldabali
#polresbangli https://t.co/Z8VlbWPOxD"
304,1614845071366688770,2023-01-16 04:40:42+00:00,"Kapolsek Gelumbang IPTU RENDY NOVRIADY S.T.K,S.I.K, Beserta kanit dan anggota melakukan Rapat Anev pimpinan Guna meningkatkan kinerja Polri dalam melindungi,mengayomi dan melayani masyarakat.
.
#sumsel #poldasumsel #polisisumsel #polisipalembang #polisimuaraemim https://t.co/gvax9X2KvZ"
305,1614843028723859457,2023-01-16 04:32:35+00:00,"Sidokes Polres Bangli berikan pelayanan pemeriksaan kesehatan kepada Anggota Polri di Polsek Bangli untuk menunjang kinerja Polri dalam menjaga kamtibmas.
#poldabali
#polresbangli https://t.co/hVwJf8yUYz"
306,1614792182455758848,2023-01-16 01:10:32+00:00,@SiapaAk13719019 @Ayang_Utriza @DivHumas_Polri @KejaksaanRI Nunggu di neraka lah. Sambil liatin kinerja anak cucu adam
307,1614756338969759744,2023-01-15 22:48:06+00:00,@Adjie40673181 @msaid_didu Eh tablo. Kalau lo kaga percaya sama polisi. Itu urusan lo. Tetapi penegak hukum di indonesia ya polisi ya tablo. Lo dongo sih kaga percaya sama polisi walaupun kinerja polisi itu lamban. Benahi harusnya orang/polisi itu sendiri bukan malah institusinya. Paham blok?
308,1614718440413212672,2023-01-15 20:17:30+00:00,RT @CeciliaSuwanda1: @__AnakKolong @polresblora @AriefRohman_838 @DivHumas_Polri Appresiasi atas kinerja Kepolisian &amp; Bupati tlh menangkap‚Ä¶
309,1614654883143254018,2023-01-15 16:04:57+00:00,RT @CeciliaSuwanda1: @__AnakKolong @polresblora @AriefRohman_838 @DivHumas_Polri Appresiasi atas kinerja Kepolisian &amp; Bupati tlh menangkap‚Ä¶
310,1614652831843352576,2023-01-15 15:56:48+00:00,"@__AnakKolong @polresblora @AriefRohman_838 @DivHumas_Polri Appresiasi atas kinerja Kepolisian &amp; Bupati tlh menangkap pelaku yg ternyata Ayah Kandung korban.

Terima kasih bang @__AnakKolong yg memViralkan kasus ini hingga mendapat perhatian dari aparat.

Berharap Pemda, Dinsos &amp; ibu2 Bhayangkari Blora memberi perhatian kpd korban &amp; bayi."
311,1614650848130502658,2023-01-15 15:48:55+00:00,"@KompasTV Terimakasi Eliezer,krn kebetanianmu utk berkata jujur,maka kami tau keborokan2 kinerja oleh sekelompok  polisi di dlm tubuh Polri,tanpah kejujuranmu tdk akan mungkin ada 95 polisi terlibt dlm perintangan penyelidikan...Thank you Icad..."
312,1614623316291252225,2023-01-15 13:59:31+00:00,"RT @humasreswaropen: ""Apel Pagi Awal Kinerja Polri Yang Presisi.""
#DivisiHumasPolri
#PoldaPapua
#PolresWaropen
#PolriPresisi
#Papua
#Warope‚Ä¶"
313,1614582226838245376,2023-01-15 11:16:15+00:00,"GEBYAR VAKSINASI COVID 19 DAN JUMAT CURHAT POLRES KEDIRI

Kapolres Kediri AKBP Agung Setyo Nugroho S.I.K, terjun langsung ke masyarakat untuk mendengarkan keluhan kinerja Polri.

@divisihumaspolri @humaspoldajatim @pidpolreskediri #polripresisi #polreskediri #kediri https://t.co/YalHrcKu5N"
314,1614521693262970880,2023-01-15 07:15:42+00:00,"RT @lintang_ayoe: @NayDonuts @DivHumas_Polri @KPK_RI @KejaksaanRI Endingnya ribuan ton beras ditimbun dibiarkan membusuk,dholim banget diat‚Ä¶"
315,1614510824319770624,2023-01-15 06:32:31+00:00,"@PentolUratt @joblessbahagia @KrimErha Kok isinya yang ketangkep semua ya ü•≥, artinya pada gagal ikut pendidikan dong, alhamdulillah, emang bagus kinerja kepolisian, mana nih yang suap lanjut ampe pendidkan"
316,1614479362799304709,2023-01-15 04:27:30+00:00,@republikaonline apa pak polisi ini menjelekkan kinerja presiden dan pemerintah karena gagal menyediakan lapangan kerja?
317,1614441374610522112,2023-01-15 01:56:33+00:00,"Halo Sobat Humas....

Divisi Propam Mabes Polri telah meluncurkan aplikasi WhatsApp Pelayanan Pengaduan Presisi Propam Polri dengan Nomor WA : 081210106700.

Ayo kita manfaatkan untuk kemajuan dan tingkatkan kinerja Polri dalam melayani, melindungi dan mengayomi masyarakat https://t.co/flyScaTVk2"
318,1614436729867620353,2023-01-15 01:38:05+00:00,"RT @humasreswaropen: ""Apel Pagi Awal Kinerja Polri Yang Presisi.""
#DivisiHumasPolri
#PoldaPapua
#PolresWaropen
#PolriPresisi
#Papua
#Warope‚Ä¶"
319,1614436438376058880,2023-01-15 01:36:56+00:00,"RT @humasreswaropen: ""Apel Pagi Awal Kinerja Polri Yang Presisi.""
#DivisiHumasPolri
#PoldaPapua
#PolresWaropen
#PolriPresisi
#Papua
#Warope‚Ä¶"
320,1614436346105597952,2023-01-15 01:36:34+00:00,"RT @humasreswaropen: ""Apel Pagi Awal Kinerja Polri Yang Presisi.""
#DivisiHumasPolri
#PoldaPapua
#PolresWaropen
#PolriPresisi
#Papua
#Warope‚Ä¶"
321,1614428644222578689,2023-01-15 01:05:58+00:00,"RT @humasreswaropen: ""Apel Pagi Awal Kinerja Polri Yang Presisi.""
#DivisiHumasPolri
#PoldaPapua
#PolresWaropen
#PolriPresisi
#Papua
#Warope‚Ä¶"
322,1614425782134398977,2023-01-15 00:54:35+00:00,"RT @humasreswaropen: ""Apel Pagi Awal Kinerja Polri Yang Presisi.""
#DivisiHumasPolri
#PoldaPapua
#PolresWaropen
#PolriPresisi
#Papua
#Warope‚Ä¶"
323,1614425383570636800,2023-01-15 00:53:00+00:00,@sundingjalila Kinerja TNI polri semakin bagus
324,1614258897455575042,2023-01-14 13:51:27+00:00,"RT @EndyNugroho8: @yudiharahap46 Dedikasi, Semangat &amp; Perjuangan Gigih Kalian Dlm Membangun Masyarakat Utk Bersama-Sama Melawan Praktek2 Ko‚Ä¶"
325,1614244123321733120,2023-01-14 12:52:44+00:00,"Melihat kilas balik kerugian yang terjadi di masyarakat, kinerja OJK dinilai tak mampu memberikan perlindungan terhadap investasi masyarakat.

#kuatbaca #kuatbacacom #ojk #kpk #polri"
326,1614226498998894592,2023-01-14 11:42:42+00:00,"@yudiharahap46 Dedikasi, Semangat &amp; Perjuangan Gigih Kalian Dlm Membangun Masyarakat Utk Bersama-Sama Melawan Praktek2 Korupsi Membuat Kami Rakyat Lemah Tak Berdaya Smakin Mencintai Serta Mendukung Upaya2 Yg Dilakukan Oleh KPK &amp; Di Jajaran Kepolisian. Smoga Kinerja Kalian Diberikan Kemudahan.üôè"
