id;created_at;text;TEXT.1;TOKENISASI;STOP_REMOVAL;label
1,61655E+18;21/01/2023 04:46;repost divisi humas polri ketua harian kompolnas irjen pol purn dr benny jozua mamoto s h https t co tqdxllbcpp mengapresiasi kinerja jajaran divisi humas polri https t co sjfuic9ero;Repost Divisi Humas Polri Ketua Harian Kompolnas Irjen Pol Purn Dr Benny Jozua Mamoto S H https t co tqDXLLBCPp mengapresiasi kinerja jajaran Divisi Humas Polri https t co SjFuic9ErO;['repost', 'divisi', 'humas', 'polri', 'ketua', 'harian', 'kompolnas', 'irjen', 'pol', 'purn', 'dr', 'benny', 'jozua', 'mamoto', 's', 'h', 'https', 't', 'co', 'tqdxllbcpp', 'mengapresiasi', 'kinerja', 'jajaran', 'divisi', 'humas', 'polri', 'https', 't', 'co', 'sjfuic9ero'];repost divisi humas polri ketua harian kompolnas irjen pol purn dr benny jozua mamoto s h https t co tqdxllbcpp mengapresiasi kinerja jajaran divisi humas polri https t co sjfuic9ero;positif
1,61647E+18;20/01/2023 23:12; ch chotimah2 aniesbaswedan abu waras rahmaniarbaftim jokowi listyosigitp mohmahfudmd ccicpolri divhumas polri selagi gak ada laporan masuk ya duduk manis di meja mungkin perlu di sidak kinerja bagian cyber nya atau perlu ditambah ; ch chotimah2 aniesbaswedan abu waras rahmaniarbaftim jokowi ListyoSigitP mohmahfudmd CCICPolri DivHumas Polri Selagi gak ada laporan masuk ya duduk manis di meja Mungkin perlu di sidak kinerja bagian cyber nya atau perlu ditambah ;['', 'ch', 'chotimah2', 'aniesbaswedan', 'abu', 'waras', 'rahmaniarbaftim', 'jokowi', 'listyosigitp', 'mohmahfudmd', 'ccicpolri', 'divhumas', 'polri', 'selagi', 'gak', 'ada', 'laporan', 'masuk', 'ya', 'duduk', 'manis', 'di', 'meja', 'mungkin', 'perlu', 'di', 'sidak', 'kinerja', 'bagian', 'cyber', 'nya', 'atau', 'perlu', 'ditambah', '']; ch chotimah2 aniesbaswedan abu waras rahmaniarbaftim jokowi listyosigitp mohmahfudmd ccicpolri divhumas polri selagi gak laporan masuk ya duduk manis meja sidak kinerja cyber nya ditambah ;negatif
1,61645E+18;20/01/2023 21:42; jokowi kinerja kepolisian blm menunjukan presisi di polrestabesmdn lprn penipuan blm selesai 4 7 thn sy mohon bantuannya bpk sy sdh menyurati kapolri listyosigitp kapoldasumut propampolri su kompolnas ri kejaksaanri kejatisumut kejarimedan blm jg ada penyelesaian https t co kgzde984ta; jokowi Kinerja kepolisian blm menunjukan presisi di polrestabesmdn lprn penipuan blm selesai 4 7 thn sy mohon bantuannya Bpk Sy sdh menyurati Kapolri ListyoSigitP KAPOLDAsumut propampolri SU kompolnas ri KejaksaanRI kejatisumut KejariMedan Blm jg ada penyelesaian https t co KgZde984ta;['', 'jokowi', 'kinerja', 'kepolisian', 'blm', 'menunjukan', 'presisi', 'di', 'polrestabesmdn', 'lprn', 'penipuan', 'blm', 'selesai', '4', '7', 'thn', 'sy', 'mohon', 'bantuannya', 'bpk', 'sy', 'sdh', 'menyurati', 'kapolri', 'listyosigitp', 'kapoldasumut', 'propampolri', 'su', 'kompolnas', 'ri', 'kejaksaanri', 'kejatisumut', 'kejarimedan', 'blm', 'jg', 'ada', 'penyelesaian', 'https', 't', 'co', 'kgzde984ta']; jokowi kinerja kepolisian blm menunjukan presisi polrestabesmdn lprn penipuan blm selesai 4 7 thn sy mohon bantuannya bpk sy sdh menyurati kapolri listyosigitp kapoldasumut propampolri su kompolnas ri kejaksaanri kejatisumut kejarimedan blm jg penyelesaian https t co kgzde984ta;negatif
1,6164E+18;20/01/2023 18:29; kompascom ya itulah tabiat kepolisian di indonesia rata rata pada malas menanggapi laporan masyarakat sdh ketahuan diculik mesti nunggu 1x24 jam yg diculik keburu mati atau di apa apain ayo kepolisian kinerja anda hrs berubah kepercayaan masyarakat sdh jatuh didasar jura kpd polisi ; kompascom Ya Itulah Tabiat kepolisian di Indonesia rata rata pada malas menanggapi laporan masyarakat sdh ketahuan diculik mesti nunggu 1x24 jam yg diculik keburu mati atau di apa apain ayo kepolisian kinerja anda hrs berubah kepercayaan masyarakat sdh jatuh didasar jura kpd polisi ;['', 'kompascom', 'ya', 'itulah', 'tabiat', 'kepolisian', 'di', 'indonesia', 'rata', 'rata', 'pada', 'malas', 'menanggapi', 'laporan', 'masyarakat', 'sdh', 'ketahuan', 'diculik', 'mesti', 'nunggu', '1x24', 'jam', 'yg', 'diculik', 'keburu', 'mati', 'atau', 'di', 'apa', 'apain', 'ayo', 'kepolisian', 'kinerja', 'anda', 'hrs', 'berubah', 'kepercayaan', 'masyarakat', 'sdh', 'jatuh', 'didasar', 'jura', 'kpd', 'polisi', '']; kompascom ya tabiat kepolisian indonesia malas menanggapi laporan masyarakat sdh ketahuan diculik mesti nunggu 1x24 jam yg diculik keburu mati apain ayo kepolisian kinerja hrs berubah kepercayaan masyarakat sdh jatuh didasar jura kpd polisi ;negatif
1,61639E+18;20/01/2023 18:05;rt divhumas polri ketua harian kompolnas irjen pol purn dr benny jozua mamoto s h https t co 4dihjlhgdu mengapresiasi kinerja j ;RT DivHumas Polri Ketua Harian Kompolnas Irjen Pol Purn Dr Benny Jozua Mamoto S H https t co 4DihjLHgDu mengapresiasi kinerja j ;['rt', 'divhumas', 'polri', 'ketua', 'harian', 'kompolnas', 'irjen', 'pol', 'purn', 'dr', 'benny', 'jozua', 'mamoto', 's', 'h', 'https', 't', 'co', '4dihjlhgdu', 'mengapresiasi', 'kinerja', 'j', ''];rt divhumas polri ketua harian kompolnas irjen pol purn dr benny jozua mamoto s h https t co 4dihjlhgdu mengapresiasi kinerja j ;positif
1,61638E+18;20/01/2023 17:05;ketua karang taruna kota banjar apresiasi keberhasilan kinerja polri dalam pengamanan dari https t co rqlldrask4 karangtaruna pemuda karangtarunaindonesia trending;Ketua Karang Taruna Kota Banjar Apresiasi Keberhasilan Kinerja Polri Dalam Pengamanan dari https t co RqLlDrASK4 karangtaruna pemuda karangtarunaindonesia trending;['ketua', 'karang', 'taruna', 'kota', 'banjar', 'apresiasi', 'keberhasilan', 'kinerja', 'polri', 'dalam', 'pengamanan', 'dari', 'https', 't', 'co', 'rqlldrask4', 'karangtaruna', 'pemuda', 'karangtarunaindonesia', 'trending'];ketua karang taruna kota banjar apresiasi keberhasilan kinerja polri pengamanan https t co rqlldrask4 karangtaruna pemuda karangtarunaindonesia trending;positif
1,61634E+18;20/01/2023 14:48;wali kota bandung apresiasi kinerja dan kolaborasi polri dalam wujudkan keamanan kota https t co wotp87t97z;Wali Kota Bandung Apresiasi Kinerja dan Kolaborasi Polri Dalam Wujudkan Keamanan Kota https t co woTP87T97z;['wali', 'kota', 'bandung', 'apresiasi', 'kinerja', 'dan', 'kolaborasi', 'polri', 'dalam', 'wujudkan', 'keamanan', 'kota', 'https', 't', 'co', 'wotp87t97z'];wali kota bandung apresiasi kinerja kolaborasi polri wujudkan keamanan kota https t co wotp87t97z;positif
1,61634E+18;20/01/2023 14:35; davinsaputro terima kasih sobat polri atas apresiasinya kami akan terus meningkatkan kinerja dalam melaksanakan tugas mohon doa dan dukungannya tanpa bantuan masyarakat kami bukan lah apa apa kami akan bekerja secara peofesional guna mendapatkan kepercayaan dari masyarakat ; DavinSaputro Terima kasih sobat Polri atas apresiasinya kami akan terus meningkatkan kinerja dalam melaksanakan tugas mohon doa dan dukungannya Tanpa bantuan masyarakat kami bukan lah apa apa Kami akan bekerja secara peofesional guna mendapatkan kepercayaan dari masyarakat ;['', 'davinsaputro', 'terima', 'kasih', 'sobat', 'polri', 'atas', 'apresiasinya', 'kami', 'akan', 'terus', 'meningkatkan', 'kinerja', 'dalam', 'melaksanakan', 'tugas', 'mohon', 'doa', 'dan', 'dukungannya', 'tanpa', 'bantuan', 'masyarakat', 'kami', 'bukan', 'lah', 'apa', 'apa', 'kami', 'akan', 'bekerja', 'secara', 'peofesional', 'guna', 'mendapatkan', 'kepercayaan', 'dari', 'masyarakat', '']; davinsaputro terima kasih sobat polri apresiasinya meningkatkan kinerja melaksanakan tugas mohon doa dukungannya bantuan masyarakat peofesional kepercayaan masyarakat ;positif
1,61633E+18;20/01/2023 14:11; benhadiwijaya hadoohh sudah banyak yg ditangkap bahkan mati juga sudah banyak tp pastilah ada yg lolos selalu ada usaha memperbaiki banyak polisi yg rusak banyak juga tp dukung kinerja polisi yg baik; BenHadiwijaya Hadoohh Sudah banyak yg ditangkap Bahkan mati juga sudah banyak Tp pastilah ada yg lolos Selalu ada usaha memperbaiki Banyak polisi yg rusak Banyak juga Tp dukung kinerja polisi yg baik;['', 'benhadiwijaya', 'hadoohh', 'sudah', 'banyak', 'yg', 'ditangkap', 'bahkan', 'mati', 'juga', 'sudah', 'banyak', 'tp', 'pastilah', 'ada', 'yg', 'lolos', 'selalu', 'ada', 'usaha', 'memperbaiki', 'banyak', 'polisi', 'yg', 'rusak', 'banyak', 'juga', 'tp', 'dukung', 'kinerja', 'polisi', 'yg', 'baik']; benhadiwijaya hadoohh yg ditangkap mati tp yg lolos usaha memperbaiki polisi yg rusak tp dukung kinerja polisi yg;negatif
1,61632E+18;20/01/2023 13:37;gubernur jawa barat apresiasi kinerja kepolisian selama tahun 2022 gubernur provinsi jawa barat ridwan kamil atau yang akrab disapa kang emil ini mengapresiasi kinerja yang dilakukan oleh anggota kepolisian selama tahun 2022 polisipenolongpresisi https t co oqgucdp24x;GUBERNUR JAWA BARAT APRESIASI KINERJA KEPOLISIAN SELAMA TAHUN 2022 Gubernur Provinsi Jawa Barat Ridwan Kamil atau yang akrab disapa Kang Emil ini mengapresiasi kinerja yang dilakukan oleh anggota kepolisian selama tahun 2022 POLISIPENOLONGPRESISI https t co oqgUCdP24x;['gubernur', 'jawa', 'barat', 'apresiasi', 'kinerja', 'kepolisian', 'selama', 'tahun', '2022', 'gubernur', 'provinsi', 'jawa', 'barat', 'ridwan', 'kamil', 'atau', 'yang', 'akrab', 'disapa', 'kang', 'emil', 'ini', 'mengapresiasi', 'kinerja', 'yang', 'dilakukan', 'oleh', 'anggota', 'kepolisian', 'selama', 'tahun', '2022', 'polisipenolongpresisi', 'https', 't', 'co', 'oqgucdp24x'];gubernur jawa barat apresiasi kinerja kepolisian 2022 gubernur provinsi jawa barat ridwan kamil akrab disapa kang emil mengapresiasi kinerja anggota kepolisian 2022 polisipenolongpresisi https t co oqgucdp24x;positif
1,61632E+18;20/01/2023 13:33;wali kota bandung yana mulyana mengapresiasi dan berterima kasih atas kinerja dan kolaborasi yang dilakukan kepolisian republik indonesia polri bersama pemkot bandung untuk menjaga keamanan kota bandung https t co lmjjvx5dkh;Wali Kota Bandung Yana Mulyana mengapresiasi dan berterima kasih atas kinerja dan kolaborasi yang dilakukan Kepolisian Republik Indonesia Polri bersama Pemkot Bandung untuk menjaga keamanan kota Bandung https t co lMJjvx5DKh;['wali', 'kota', 'bandung', 'yana', 'mulyana', 'mengapresiasi', 'dan', 'berterima', 'kasih', 'atas', 'kinerja', 'dan', 'kolaborasi', 'yang', 'dilakukan', 'kepolisian', 'republik', 'indonesia', 'polri', 'bersama', 'pemkot', 'bandung', 'untuk', 'menjaga', 'keamanan', 'kota', 'bandung', 'https', 't', 'co', 'lmjjvx5dkh'];wali kota bandung yana mulyana mengapresiasi berterima kasih kinerja kolaborasi kepolisian republik indonesia polri pemkot bandung menjaga keamanan kota bandung https t co lmjjvx5dkh;positif
1,6163E+18;20/01/2023 12:00;bhabinkamtibmas melakukan sosialisasi kepada warga masyarakat desa buluh duri tentang kartu barcode aplikasi pelayanan pengaduan masyarakat terpadu yang bertujuan untuk melayani pengaduan masyarakat terkait kinerja polri https t co k6285hhxb6;Bhabinkamtibmas melakukan Sosialisasi kepada Warga Masyarakat Desa Buluh Duri tentang Kartu Barcode Aplikasi Pelayanan Pengaduan Masyarakat Terpadu yang bertujuan untuk melayani pengaduan masyarakat terkait Kinerja Polri https t co K6285hhXb6;['bhabinkamtibmas', 'melakukan', 'sosialisasi', 'kepada', 'warga', 'masyarakat', 'desa', 'buluh', 'duri', 'tentang', 'kartu', 'barcode', 'aplikasi', 'pelayanan', 'pengaduan', 'masyarakat', 'terpadu', 'yang', 'bertujuan', 'untuk', 'melayani', 'pengaduan', 'masyarakat', 'terkait', 'kinerja', 'polri', 'https', 't', 'co', 'k6285hhxb6'];bhabinkamtibmas sosialisasi warga masyarakat desa buluh duri kartu barcode aplikasi pelayanan pengaduan masyarakat terpadu bertujuan melayani pengaduan masyarakat terkait kinerja polri https t co k6285hhxb6;positif
1,6163E+18;20/01/2023 11:51;rt listyosigitp press release akhir tahun kinerja polri selama tahun 2022 terima kasih kepada seluruh personel polri yang telah bekerja ;RT ListyoSigitP Press release akhir tahun kinerja Polri selama tahun 2022 Terima kasih kepada seluruh personel Polri yang telah bekerja ;['rt', 'listyosigitp', 'press', 'release', 'akhir', 'tahun', 'kinerja', 'polri', 'selama', 'tahun', '2022', 'terima', 'kasih', 'kepada', 'seluruh', 'personel', 'polri', 'yang', 'telah', 'bekerja', ''];rt listyosigitp press release kinerja polri 2022 terima kasih personel polri ;positif
1,61628E+18;20/01/2023 10:36;ketua harian kompolnas irjen pol purn dr benny jozua mamoto s h https t co 9cxodwkupz mengapresiasi kinerja jajaran divisi humas polri hal tersebut disampaikan langsung oleh ketua harian kompolnas saat melakukan kunjungan audiensi di gedung divisi humas polri https t co npudjiapic;Ketua Harian Kompolnas Irjen Pol Purn Dr Benny Jozua Mamoto S H https t co 9cXODWKuPz mengapresiasi kinerja jajaran Divisi Humas Polri Hal tersebut disampaikan langsung oleh Ketua Harian Kompolnas saat melakukan kunjungan audiensi di gedung Divisi Humas Polri https t co NPUdJiAPIc;['ketua', 'harian', 'kompolnas', 'irjen', 'pol', 'purn', 'dr', 'benny', 'jozua', 'mamoto', 's', 'h', 'https', 't', 'co', '9cxodwkupz', 'mengapresiasi', 'kinerja', 'jajaran', 'divisi', 'humas', 'polri', 'hal', 'tersebut', 'disampaikan', 'langsung', 'oleh', 'ketua', 'harian', 'kompolnas', 'saat', 'melakukan', 'kunjungan', 'audiensi', 'di', 'gedung', 'divisi', 'humas', 'polri', 'https', 't', 'co', 'npudjiapic'];ketua harian kompolnas irjen pol purn dr benny jozua mamoto s h https t co 9cxodwkupz mengapresiasi kinerja jajaran divisi humas polri langsung ketua harian kompolnas kunjungan audiensi gedung divisi humas polri https t co npudjiapic;positif
1,61627E+18;20/01/2023 10:06;kapolsek wonosari jumat tanggal 20 januari 2023 sama seperti biasanya kegiatan jumat curhat yang digagas polri ini bertujuan untuk mendengarkan keluhan saran serta kritik dari masyarakat untuk membangun kinerja polri yang lebih baik https t co ohk0s82ttd;Kapolsek wonosari Jumat tanggal 20 Januari 2023 Sama seperti biasanya kegiatan jumat curhat yang digagas Polri ini bertujuan untuk mendengarkan keluhan saran serta kritik dari masyarakat untuk membangun kinerja Polri yang lebih baik https t co ohk0s82Ttd;['kapolsek', 'wonosari', 'jumat', 'tanggal', '20', 'januari', '2023', 'sama', 'seperti', 'biasanya', 'kegiatan', 'jumat', 'curhat', 'yang', 'digagas', 'polri', 'ini', 'bertujuan', 'untuk', 'mendengarkan', 'keluhan', 'saran', 'serta', 'kritik', 'dari', 'masyarakat', 'untuk', 'membangun', 'kinerja', 'polri', 'yang', 'lebih', 'baik', 'https', 't', 'co', 'ohk0s82ttd'];kapolsek wonosari jumat tanggal 20 januari 2023 kegiatan jumat curhat digagas polri bertujuan mendengarkan keluhan saran kritik masyarakat membangun kinerja polri https t co ohk0s82ttd;positif
1,61626E+18;20/01/2023 09:16; tvonenews kinerja bin di bawah tni vs polisi lebih baik mana kalo saya se tni krn kerja y sesuai tupoksi y fakta lho ; tvOneNews Kinerja BIN di bawah TNI vs Polisi lebih baik mana Kalo saya se TNI krn kerja y sesuai tupoksi y fakta lho ;['', 'tvonenews', 'kinerja', 'bin', 'di', 'bawah', 'tni', 'vs', 'polisi', 'lebih', 'baik', 'mana', 'kalo', 'saya', 'se', 'tni', 'krn', 'kerja', 'y', 'sesuai', 'tupoksi', 'y', 'fakta', 'lho', '']; tvonenews kinerja bin tni vs polisi kalo tni krn kerja y sesuai tupoksi y fakta lho ;negatif
1,61624E+18;20/01/2023 07:54;ketua harian kompolnas irjen pol purn dr benny jozua mamoto s h https t co fkstc3kozh mengapresiasi kinerja jajaran divisi humas polri hal tersebut disampaikan langsung oleh ketua harian kompolnas saat melakukan kunjungan audiensi di gedung divisi humas polri https t co jlgfpolgid;Ketua Harian Kompolnas Irjen Pol Purn Dr Benny Jozua Mamoto S H https t co fksTC3KozH mengapresiasi kinerja jajaran Divisi Humas Polri Hal tersebut disampaikan langsung oleh Ketua Harian Kompolnas saat melakukan kunjungan audiensi di gedung Divisi Humas Polri https t co JLgFPOLgid;['ketua', 'harian', 'kompolnas', 'irjen', 'pol', 'purn', 'dr', 'benny', 'jozua', 'mamoto', 's', 'h', 'https', 't', 'co', 'fkstc3kozh', 'mengapresiasi', 'kinerja', 'jajaran', 'divisi', 'humas', 'polri', 'hal', 'tersebut', 'disampaikan', 'langsung', 'oleh', 'ketua', 'harian', 'kompolnas', 'saat', 'melakukan', 'kunjungan', 'audiensi', 'di', 'gedung', 'divisi', 'humas', 'polri', 'https', 't', 'co', 'jlgfpolgid'];ketua harian kompolnas irjen pol purn dr benny jozua mamoto s h https t co fkstc3kozh mengapresiasi kinerja jajaran divisi humas polri langsung ketua harian kompolnas kunjungan audiensi gedung divisi humas polri https t co jlgfpolgid;positif
1,61623E+18;20/01/2023 07:25;rt badurwijanarko bhabinkamtibmas gesi silaturahmi kepada perangkat desa gesi guna mempererat hubungan polri dan warga serta evaluasi ten ;RT BadurWijanarko Bhabinkamtibmas gesi silaturahmi kepada perangkat desa gesi guna mempererat hubungan polri dan warga serta evaluasi ten ;['rt', 'badurwijanarko', 'bhabinkamtibmas', 'gesi', 'silaturahmi', 'kepada', 'perangkat', 'desa', 'gesi', 'guna', 'mempererat', 'hubungan', 'polri', 'dan', 'warga', 'serta', 'evaluasi', 'ten', ''];rt badurwijanarko bhabinkamtibmas gesi silaturahmi perangkat desa gesi mempererat hubungan polri warga evaluasi ten ;positif
1,61622E+18;20/01/2023 06:55; noewahjoe ndagels divhumas polri lemdiklat polri ini salah satu problem nya juga nih terkait kinerja kepolisian ; NoeWahjoe ndagels DivHumas Polri Lemdiklat Polri Ini salah satu problem nya juga nih terkait kinerja kepolisian ;['', 'noewahjoe', 'ndagels', 'divhumas', 'polri', 'lemdiklat', 'polri', 'ini', 'salah', 'satu', 'problem', 'nya', 'juga', 'nih', 'terkait', 'kinerja', 'kepolisian', '']; noewahjoe ndagels divhumas polri lemdiklat polri salah problem nya nih terkait kinerja kepolisian ;negatif
1,61622E+18;20/01/2023 06:47;rt polsekpalembayn kasat binmas polres agam iptu azwir yani lakukan kegiatan anev dan arahan tentang kinerja personil sat binmas tw ;RT polsekpalembayn KASAT BINMAS POLRES AGAM IPTU AZWIR YANI LAKUKAN KEGIATAN ANEV DAN ARAHAN TENTANG KINERJA PERSONIL SAT BINMAS Tw ;['rt', 'polsekpalembayn', 'kasat', 'binmas', 'polres', 'agam', 'iptu', 'azwir', 'yani', 'lakukan', 'kegiatan', 'anev', 'dan', 'arahan', 'tentang', 'kinerja', 'personil', 'sat', 'binmas', 'tw', ''];rt polsekpalembayn kasat binmas polres agam iptu azwir yani lakukan kegiatan anev arahan kinerja personil sat binmas tw ;positif
1,61622E+18;20/01/2023 06:39;bhabinkamtibmas gesi silaturahmi kepada perangkat desa gesi guna mempererat hubungan polri dan warga serta evaluasi tentang kinerja polri saat ini polripresisi https t co 5qiywp2slj;Bhabinkamtibmas gesi silaturahmi kepada perangkat desa gesi guna mempererat hubungan polri dan warga serta evaluasi tentang kinerja polri saat ini polripresisi https t co 5QIywP2Slj;['bhabinkamtibmas', 'gesi', 'silaturahmi', 'kepada', 'perangkat', 'desa', 'gesi', 'guna', 'mempererat', 'hubungan', 'polri', 'dan', 'warga', 'serta', 'evaluasi', 'tentang', 'kinerja', 'polri', 'saat', 'ini', 'polripresisi', 'https', 't', 'co', '5qiywp2slj'];bhabinkamtibmas gesi silaturahmi perangkat desa gesi mempererat hubungan polri warga evaluasi kinerja polri polripresisi https t co 5qiywp2slj;positif
1,61621E+18;20/01/2023 06:03;hut bhayangkara ke 76 gamis indonesia apresiasi beragam capian kinerja polri https t co d62yrlv5ed lewat nemukabar listyosigitp;HUT Bhayangkara Ke 76 Gamis Indonesia Apresiasi Beragam Capian Kinerja Polri https t co D62YrLV5ed lewat Nemukabar ListyoSigitP;['hut', 'bhayangkara', 'ke', '76', 'gamis', 'indonesia', 'apresiasi', 'beragam', 'capian', 'kinerja', 'polri', 'https', 't', 'co', 'd62yrlv5ed', 'lewat', 'nemukabar', 'listyosigitp'];hut bhayangkara 76 gamis indonesia apresiasi beragam capian kinerja polri https t co d62yrlv5ed nemukabar listyosigitp;positif
1,61609E+18;19/01/2023 22:17;adakah calon presiden 2024 yg berani janji dgn timeline 1 mengurangi hutang negara 2 mengurangi korupsi aparat pns polisi dan tni juga bumn 3 mengefisiensi kinerja aparat 4 memaksimalkan hasil bumn kl ada sy pilih kalo tdk ada ya golput krn sy anggap calonnya cuma omdo;Adakah calon presiden 2024 yg berani janji dgn timeline 1 Mengurangi Hutang Negara 2 Mengurangi Korupsi Aparat PNS Polisi dan TNI juga BUMN 3 Mengefisiensi kinerja aparat 4 Memaksimalkan hasil BUMN Kl ada sy pilih kalo tdk ada ya GOLPUT krn sy anggap calonnya cuma OMDO;['adakah', 'calon', 'presiden', '2024', 'yg', 'berani', 'janji', 'dgn', 'timeline', '1', 'mengurangi', 'hutang', 'negara', '2', 'mengurangi', 'korupsi', 'aparat', 'pns', 'polisi', 'dan', 'tni', 'juga', 'bumn', '3', 'mengefisiensi', 'kinerja', 'aparat', '4', 'memaksimalkan', 'hasil', 'bumn', 'kl', 'ada', 'sy', 'pilih', 'kalo', 'tdk', 'ada', 'ya', 'golput', 'krn', 'sy', 'anggap', 'calonnya', 'cuma', 'omdo'];adakah calon presiden 2024 yg berani janji dgn timeline 1 mengurangi hutang negara 2 mengurangi korupsi aparat pns polisi tni bumn 3 mengefisiensi kinerja aparat 4 memaksimalkan hasil bumn kl sy pilih kalo tdk ya golput krn sy anggap calonnya omdo;negatif
1,61607E+18;19/01/2023 20:48; kamadilvas areajulid lagi sibuk chat halo dek halo dek ke ciwi nanti kalo dikritik kinerja plokis balesnya kalo kemalingan gausah lapor polisi lah emg selama ini lapor plokis ditanggepin ; kamadilvas AREAJULID Lagi sibuk chat halo dek halo dek ke ciwi nanti kalo dikritik kinerja plokis balesnya kalo kemalingan gausah lapor polisi lah emg selama ini lapor plokis ditanggepin ;['', 'kamadilvas', 'areajulid', 'lagi', 'sibuk', 'chat', 'halo', 'dek', 'halo', 'dek', 'ke', 'ciwi', 'nanti', 'kalo', 'dikritik', 'kinerja', 'plokis', 'balesnya', 'kalo', 'kemalingan', 'gausah', 'lapor', 'polisi', 'lah', 'emg', 'selama', 'ini', 'lapor', 'plokis', 'ditanggepin', '']; kamadilvas areajulid sibuk chat halo dek halo dek ciwi kalo dikritik kinerja plokis balesnya kalo kemalingan gausah lapor polisi emg lapor plokis ditanggepin ;negatif
1,61606E+18;19/01/2023 20:18; tanyakanrl ini polisi pada gimana kinerja nya udah tau kasus penculikan bener penculikan ini kalo korbannya ga pinter yakin masih bisa selamat kadang aneh bgt sama polisi di negara ini nanti katanya harus ada prosedur lah ini lah itulah itu korban penculikan yg bener di culik woiii; tanyakanrl ini polisi pada gimana kinerja nya udah tau kasus penculikan bener penculikan ini kalo korbannya ga pinter yakin masih bisa selamat kadang aneh bgt sama polisi di negara ini nanti katanya harus ada prosedur lah ini lah itulah itu korban penculikan yg bener di culik woiii;['', 'tanyakanrl', 'ini', 'polisi', 'pada', 'gimana', 'kinerja', 'nya', 'udah', 'tau', 'kasus', 'penculikan', 'bener', 'penculikan', 'ini', 'kalo', 'korbannya', 'ga', 'pinter', 'yakin', 'masih', 'bisa', 'selamat', 'kadang', 'aneh', 'bgt', 'sama', 'polisi', 'di', 'negara', 'ini', 'nanti', 'katanya', 'harus', 'ada', 'prosedur', 'lah', 'ini', 'lah', 'itulah', 'itu', 'korban', 'penculikan', 'yg', 'bener', 'di', 'culik', 'woiii']; tanyakanrl polisi gimana kinerja nya udah tau penculikan bener penculikan kalo korbannya ga pinter selamat kadang aneh bgt polisi negara prosedur korban penculikan yg bener culik woiii;negatif
1,616E+18;19/01/2023 16:17;dinilai dari kinerja dan efektivitas penegakan hukum ini 5 kepolisian terbaik di dunia indonesia https t co ycnzirrbej;Dinilai Dari Kinerja dan Efektivitas Penegakan Hukum Ini 5 Kepolisian Terbaik di Dunia Indonesia https t co yCnzirRBEj;['dinilai', 'dari', 'kinerja', 'dan', 'efektivitas', 'penegakan', 'hukum', 'ini', '5', 'kepolisian', 'terbaik', 'di', 'dunia', 'indonesia', 'https', 't', 'co', 'ycnzirrbej'];dinilai kinerja efektivitas penegakan hukum 5 kepolisian terbaik dunia indonesia https t co ycnzirrbej;positif
1,61595E+18;19/01/2023 13:02; tanyakanrl halo divhumas polri mungkin bisa dijelaskan prosedur yg pasti terkait pernasalahan ini melihat gimana respon masuarakat yang meragukan kinerja instansi ini dalam hal emergency seperti kasus ini ; tanyakanrl Halo DivHumas Polri mungkin bisa dijelaskan prosedur yg pasti Terkait pernasalahan ini melihat gimana respon masuarakat yang meragukan kinerja instansi ini dalam hal emergency seperti kasus ini ;['', 'tanyakanrl', 'halo', 'divhumas', 'polri', 'mungkin', 'bisa', 'dijelaskan', 'prosedur', 'yg', 'pasti', 'terkait', 'pernasalahan', 'ini', 'melihat', 'gimana', 'respon', 'masuarakat', 'yang', 'meragukan', 'kinerja', 'instansi', 'ini', 'dalam', 'hal', 'emergency', 'seperti', 'kasus', 'ini', '']; tanyakanrl halo divhumas polri prosedur yg terkait pernasalahan gimana respon masuarakat meragukan kinerja instansi emergency ;negatif
1,61593E+18;19/01/2023 11:39;untuk meningkatkan kinerja anggota polri khususnya pada pagi hari dan siang hari paur sbbag kerma ipda h samsul hadi bersama personel polres kutai barat melaksanakan gatur lalin membantu menyeberangkan anak sekolah di jalan kamis 19 01 2023 pagi https t co w2jf5he7vg;Untuk meningkatkan kinerja Anggota polri khususnya pada pagi hari dan siang hari Paur Sbbag Kerma Ipda H Samsul Hadi bersama Personel Polres Kutai Barat Melaksanakan gatur lalin membantu menyeberangkan anak sekolah di jalan Kamis 19 01 2023 pagi https t co w2jf5HE7VG;['untuk', 'meningkatkan', 'kinerja', 'anggota', 'polri', 'khususnya', 'pada', 'pagi', 'hari', 'dan', 'siang', 'hari', 'paur', 'sbbag', 'kerma', 'ipda', 'h', 'samsul', 'hadi', 'bersama', 'personel', 'polres', 'kutai', 'barat', 'melaksanakan', 'gatur', 'lalin', 'membantu', 'menyeberangkan', 'anak', 'sekolah', 'di', 'jalan', 'kamis', '19', '01', '2023', 'pagi', 'https', 't', 'co', 'w2jf5he7vg'];meningkatkan kinerja anggota polri pagi siang paur sbbag kerma ipda h samsul hadi personel polres kutai barat melaksanakan gatur lalin membantu menyeberangkan anak sekolah jalan kamis 19 01 2023 pagi https t co w2jf5he7vg;positif
1,61592E+18;19/01/2023 11:09; areajulid ada orang yg masih mempertanyakan kinerja polisi aja udah aneh ga heran kalo ada isilop yg kenapa2 contoh kya isilop kena tembak di papua respon netizen malah seneng ; AREAJULID Ada orang yg masih mempertanyakan kinerja polisi aja udah aneh Ga heran kalo ada isilop yg kenapa2 contoh kya isilop kena tembak di Papua respon netizen malah seneng ;['', 'areajulid', 'ada', 'orang', 'yg', 'masih', 'mempertanyakan', 'kinerja', 'polisi', 'aja', 'udah', 'aneh', 'ga', 'heran', 'kalo', 'ada', 'isilop', 'yg', 'kenapa2', 'contoh', 'kya', 'isilop', 'kena', 'tembak', 'di', 'papua', 'respon', 'netizen', 'malah', 'seneng', '']; areajulid orang yg kinerja polisi aja udah aneh ga heran kalo isilop yg kenapa2 contoh kya isilop kena tembak papua respon netizen seneng ;negatif
1,61592E+18;19/01/2023 11:01; tanyakanrl hasanbunir apa polisi gak bisa bedakan laporan orang hilang dan minta pertolongan orang hilang emang nunggu 1 x 24 jam lah kalo laporan penculikan kok disuruh nunggu 1 x 24 jam malu saya dengan kinerja polisi; tanyakanrl hasanbunir Apa polisi gak bisa bedakan laporan orang hilang dan minta pertolongan Orang hilang emang nunggu 1 x 24 jam lah kalo laporan penculikan kok disuruh nunggu 1 x 24 jam MALU SAYA DENGAN KINERJA POLISI;['', 'tanyakanrl', 'hasanbunir', 'apa', 'polisi', 'gak', 'bisa', 'bedakan', 'laporan', 'orang', 'hilang', 'dan', 'minta', 'pertolongan', 'orang', 'hilang', 'emang', 'nunggu', '1', 'x', '24', 'jam', 'lah', 'kalo', 'laporan', 'penculikan', 'kok', 'disuruh', 'nunggu', '1', 'x', '24', 'jam', 'malu', 'saya', 'dengan', 'kinerja', 'polisi']; tanyakanrl hasanbunir polisi gak bedakan laporan orang hilang pertolongan orang hilang emang nunggu 1 x 24 jam kalo laporan penculikan disuruh nunggu 1 x 24 jam malu kinerja polisi;negatif
1,6159E+18;19/01/2023 09:35; bowoisme1 irwan2yah1 semua ada prosesnya tp jangan nafikkan kinerja kepolisian yg nyatanya ada perubahan silakan di cek dan ajukan komplain kita masyarakat punya hak bertanya polisi jogja disiplin dan loyal krn ayahku jg polisi; Bowoisme1 Irwan2yah1 Semua ada prosesnya tp jangan nafikkan kinerja kepolisian yg nyatanya ada perubahan Silakan di cek dan ajukan komplain kita masyarakat punya hak bertanya Polisi Jogja disiplin dan loyal Krn ayahku jg polisi;['', 'bowoisme1', 'irwan2yah1', 'semua', 'ada', 'prosesnya', 'tp', 'jangan', 'nafikkan', 'kinerja', 'kepolisian', 'yg', 'nyatanya', 'ada', 'perubahan', 'silakan', 'di', 'cek', 'dan', 'ajukan', 'komplain', 'kita', 'masyarakat', 'punya', 'hak', 'bertanya', 'polisi', 'jogja', 'disiplin', 'dan', 'loyal', 'krn', 'ayahku', 'jg', 'polisi']; bowoisme1 irwan2yah1 prosesnya tp nafikkan kinerja kepolisian yg perubahan silakan cek ajukan komplain masyarakat hak polisi jogja disiplin loyal krn ayahku jg polisi;positif
1,6159E+18;19/01/2023 09:19; humaspoldajbr mantap pa saya seneng dengan kinerja polisi semoga negara kita aman kondusif dengan hadirnya polri di tengah masyarakat tetep semangat pa untuk masyarakat ; humaspoldajbr Mantap pa saya seneng dengan kinerja polisi semoga negara kita aman kondusif dengan hadirnya polri di tengah masyarakat tetep semangat pa untuk masyarakat ;['', 'humaspoldajbr', 'mantap', 'pa', 'saya', 'seneng', 'dengan', 'kinerja', 'polisi', 'semoga', 'negara', 'kita', 'aman', 'kondusif', 'dengan', 'hadirnya', 'polri', 'di', 'tengah', 'masyarakat', 'tetep', 'semangat', 'pa', 'untuk', 'masyarakat', '']; humaspoldajbr mantap pa seneng kinerja polisi semoga negara aman kondusif hadirnya polri masyarakat tetep semangat pa masyarakat ;positif
1,61588E+18;19/01/2023 08:12;raimanur gerakan pensiun dini masal menurut saya karena kinerja pemerintah ri yang sangat buruk akan sangat memberatkan seluruh masyarakat indonesia yang non asn pns tni polri;Raimanur gerakan pensiun Dini masal menurut saya karena kinerja pemerintah RI yang sangat buruk Akan sangat memberatkan seluruh masyarakat Indonesia yang non ASN PNS TNI polri;['raimanur', 'gerakan', 'pensiun', 'dini', 'masal', 'menurut', 'saya', 'karena', 'kinerja', 'pemerintah', 'ri', 'yang', 'sangat', 'buruk', 'akan', 'sangat', 'memberatkan', 'seluruh', 'masyarakat', 'indonesia', 'yang', 'non', 'asn', 'pns', 'tni', 'polri'];raimanur gerakan pensiun masal kinerja pemerintah ri buruk memberatkan masyarakat indonesia non asn pns tni polri;negatif
1,61584E+18;19/01/2023 05:14; humaspoldasumut irwan2yah1 divhumas polri listyosigitp waduh pak kinerja anggota bpk kok buruk sekali ya kenapa gk copot aja pak klo da gk bagus kinerja copot seluruh jajaran dibawahnya mutasikan mereka sudah terlalu nyaman ayo kerja yng amanah pak biar berkah; HumasPoldaSumut Irwan2yah1 DivHumas Polri ListyoSigitP Waduh Pak Kinerja anggota Bpk kok buruk sekali ya kenapa gk copot aja Pak klo da gk bagus kinerja copot seluruh jajaran dibawahnya mutasikan mereka sudah terlalu nyaman Ayo kerja yng amanah Pak biar berkah;['', 'humaspoldasumut', 'irwan2yah1', 'divhumas', 'polri', 'listyosigitp', 'waduh', 'pak', 'kinerja', 'anggota', 'bpk', 'kok', 'buruk', 'sekali', 'ya', 'kenapa', 'gk', 'copot', 'aja', 'pak', 'klo', 'da', 'gk', 'bagus', 'kinerja', 'copot', 'seluruh', 'jajaran', 'dibawahnya', 'mutasikan', 'mereka', 'sudah', 'terlalu', 'nyaman', 'ayo', 'kerja', 'yng', 'amanah', 'pak', 'biar', 'berkah']; humaspoldasumut irwan2yah1 divhumas polri listyosigitp kinerja anggota bpk buruk ya gk copot aja klo da gk bagus kinerja copot jajaran dibawahnya mutasikan nyaman ayo kerja yng amanah biar berkah;negatif
1,61573E+18;18/01/2023 22:12; areajulid masih gini kinerja polisi kumandan listyosigitp ; AREAJULID Masih gini kinerja polisi kumandan ListyoSigitP ;['', 'areajulid', 'masih', 'gini', 'kinerja', 'polisi', 'kumandan', 'listyosigitp', '']; areajulid gini kinerja polisi kumandan listyosigitp ;negatif
1,61572E+18;18/01/2023 21:47; tanyakanrl masih awal tahun polisi wakanda sudah menunjukkan kinerja terbaiknya yg sesuai sop selagi blm 1x24 jam tdk peduli korban sekarat atau apapun tetap hrs menunggu ; tanyakanrl masih awal tahun polisi wakanda sudah menunjukkan kinerja terbaiknya yg sesuai SOP selagi blm 1x24 jam tdk peduli korban sekarat atau apapun tetap hrs menunggu ;['', 'tanyakanrl', 'masih', 'awal', 'tahun', 'polisi', 'wakanda', 'sudah', 'menunjukkan', 'kinerja', 'terbaiknya', 'yg', 'sesuai', 'sop', 'selagi', 'blm', '1x24', 'jam', 'tdk', 'peduli', 'korban', 'sekarat', 'atau', 'apapun', 'tetap', 'hrs', 'menunggu', '']; tanyakanrl polisi wakanda kinerja terbaiknya yg sesuai sop selagi blm 1x24 jam tdk peduli korban sekarat apapun hrs menunggu ;negatif
1,61571E+18;18/01/2023 21:06;sdr nizar juni yang merupakan staf desa bojong rangkas kecamatan ciampea kabupaten bogor mengapresiasikan kinerja kapolres bogor dan polsek jajarannya dalam pengamanan nataru 2023 berjalan dengan baik dan lancar berkat kerja keras polri khususnya polres bogor dan;Sdr Nizar Juni yang merupakan Staf Desa Bojong Rangkas Kecamatan Ciampea Kabupaten Bogor Mengapresiasikan kinerja Kapolres Bogor dan Polsek Jajarannya dalam pengamanan NATARU 2023 berjalan dengan baik dan lancar berkat kerja keras Polri khususnya Polres Bogor dan;['sdr', 'nizar', 'juni', 'yang', 'merupakan', 'staf', 'desa', 'bojong', 'rangkas', 'kecamatan', 'ciampea', 'kabupaten', 'bogor', 'mengapresiasikan', 'kinerja', 'kapolres', 'bogor', 'dan', 'polsek', 'jajarannya', 'dalam', 'pengamanan', 'nataru', '2023', 'berjalan', 'dengan', 'baik', 'dan', 'lancar', 'berkat', 'kerja', 'keras', 'polri', 'khususnya', 'polres', 'bogor', 'dan'];sdr nizar juni staf desa bojong rangkas kecamatan ciampea kabupaten bogor mengapresiasikan kinerja kapolres bogor polsek jajarannya pengamanan nataru 2023 berjalan lancar berkat kerja keras polri polres bogor;positif
1,61571E+18;18/01/2023 20:59; tanyakanrl itulah hebatnya kinerja kepolisian ri mengajarkan rakyat utk mandiri menghadapi penjahat divhumas polri listyosigitp ; tanyakanrl Itulah hebatnya kinerja kepolisian RI mengajarkan rakyat utk mandiri menghadapi penjahat DivHumas Polri ListyoSigitP ;['', 'tanyakanrl', 'itulah', 'hebatnya', 'kinerja', 'kepolisian', 'ri', 'mengajarkan', 'rakyat', 'utk', 'mandiri', 'menghadapi', 'penjahat', 'divhumas', 'polri', 'listyosigitp', '']; tanyakanrl hebatnya kinerja kepolisian ri mengajarkan rakyat utk mandiri menghadapi penjahat divhumas polri listyosigitp ;negatif
1,6157E+18;18/01/2023 20:01;sebagai bentuk apresiasi kinerja kepolisian setempat https t co xamvte1cas;sebagai bentuk apresiasi kinerja kepolisian setempat https t co XAmVte1CAs;['sebagai', 'bentuk', 'apresiasi', 'kinerja', 'kepolisian', 'setempat', 'https', 't', 'co', 'xamvte1cas'];bentuk apresiasi kinerja kepolisian https t co xamvte1cas;positif
1,61567E+18;18/01/2023 18:24;udah cape gua ngetawain kinerja polisi luar negeri https t co slcine49cp;Udah cape gua ngetawain kinerja polisi luar negeri https t co sLCINe49cP;['udah', 'cape', 'gua', 'ngetawain', 'kinerja', 'polisi', 'luar', 'negeri', 'https', 't', 'co', 'slcine49cp'];udah cape gua ngetawain kinerja polisi negeri https t co slcine49cp;negatif
1,61564E+18;18/01/2023 16:33; addxtiv rezaimamri goodgamingg mazzini gsp apakah anda percaya dengan kinerja polisi apakah anda tetap denial ; addxtiv rezaimamri GoodGaminGG mazzini gsp Apakah Anda percaya dengan kinerja polisi Apakah Anda tetap denial ;['', 'addxtiv', 'rezaimamri', 'goodgamingg', 'mazzini', 'gsp', 'apakah', 'anda', 'percaya', 'dengan', 'kinerja', 'polisi', 'apakah', 'anda', 'tetap', 'denial', '']; addxtiv rezaimamri goodgamingg mazzini gsp percaya kinerja polisi denial ;negatif
1,61561E+18;18/01/2023 14:23;apabila sobat polri ingin melaporkan perilaku menyimpang serta kinerja anggota polri pns polri polda kalbar bisa langsung menghubungi nomor wa yanduan atau scan barcode di atas yang nantinya akan terhubung langsung ke admin bag yanduan divpropam mabes polri bidpropampoldakalbar https t co gwcbwjvsce;Apabila sobat polri ingin melaporkan perilaku menyimpang serta kinerja anggota Polri PNS Polri Polda Kalbar bisa langsung menghubungi nomor WA yanduan atau scan barcode di atas yang nantinya akan terhubung langsung ke admin Bag Yanduan Divpropam Mabes Polri bidpropampoldakalbar https t co gwcBWjvscE;['apabila', 'sobat', 'polri', 'ingin', 'melaporkan', 'perilaku', 'menyimpang', 'serta', 'kinerja', 'anggota', 'polri', 'pns', 'polri', 'polda', 'kalbar', 'bisa', 'langsung', 'menghubungi', 'nomor', 'wa', 'yanduan', 'atau', 'scan', 'barcode', 'di', 'atas', 'yang', 'nantinya', 'akan', 'terhubung', 'langsung', 'ke', 'admin', 'bag', 'yanduan', 'divpropam', 'mabes', 'polri', 'bidpropampoldakalbar', 'https', 't', 'co', 'gwcbwjvsce'];sobat polri melaporkan perilaku menyimpang kinerja anggota polri pns polri polda kalbar langsung menghubungi nomor wa yanduan scan barcode terhubung langsung admin bag yanduan divpropam mabes polri bidpropampoldakalbar https t co gwcbwjvsce;positif
1,61556E+18;18/01/2023 11:04;ketua karang taruna kota banjar apresiasi keberhasilan kinerja polri khususnya polres banjar dari https t co qtw4awrnoe karangtaruna pemuda karangtarunaindonesia trending;Ketua Karang Taruna Kota Banjar Apresiasi Keberhasilan Kinerja Polri Khususnya Polres Banjar dari https t co Qtw4AwRnOE karangtaruna pemuda karangtarunaindonesia trending;['ketua', 'karang', 'taruna', 'kota', 'banjar', 'apresiasi', 'keberhasilan', 'kinerja', 'polri', 'khususnya', 'polres', 'banjar', 'dari', 'https', 't', 'co', 'qtw4awrnoe', 'karangtaruna', 'pemuda', 'karangtarunaindonesia', 'trending'];ketua karang taruna kota banjar apresiasi keberhasilan kinerja polri polres banjar https t co qtw4awrnoe karangtaruna pemuda karangtarunaindonesia trending;positif
1,61556E+18;18/01/2023 10:46; humaspoldajatim divhumas polri polisipenolongpresisi polisiganteng polisijawatimurganteng polisijatimganteng divhumas polri humaspoldajatim semoga bermanfaat dalam meningkatkan kinerja dalam melayani masyarakat ; HumasPoldaJatim DivHumas Polri polisipenolongpresisi polisiganteng polisijawatimurganteng polisijatimganteng DivHumas Polri HumasPoldaJatim Semoga bermanfaat dalam meningkatkan kinerja dalam melayani masyarakat ;['', 'humaspoldajatim', 'divhumas', 'polri', 'polisipenolongpresisi', 'polisiganteng', 'polisijawatimurganteng', 'polisijatimganteng', 'divhumas', 'polri', 'humaspoldajatim', 'semoga', 'bermanfaat', 'dalam', 'meningkatkan', 'kinerja', 'dalam', 'melayani', 'masyarakat', '']; humaspoldajatim divhumas polri polisipenolongpresisi polisiganteng polisijawatimurganteng polisijatimganteng divhumas polri humaspoldajatim semoga bermanfaat meningkatkan kinerja melayani masyarakat ;positif
1,61555E+18;18/01/2023 10:34; polresta bms semoga dengan kinerja baik polresta banyumas dapat menaikkan kepercayaan masyarakat kepada institusi polri ; Polresta Bms semoga dengan kinerja baik polresta banyumas dapat menaikkan kepercayaan masyarakat kepada institusi polri ;['', 'polresta', 'bms', 'semoga', 'dengan', 'kinerja', 'baik', 'polresta', 'banyumas', 'dapat', 'menaikkan', 'kepercayaan', 'masyarakat', 'kepada', 'institusi', 'polri', '']; polresta bms semoga kinerja polresta banyumas menaikkan kepercayaan masyarakat institusi polri ;positif
1,61555E+18;18/01/2023 10:09; mamba oke terimakasih sobat polri sinergitas tni polri tentu tak akan pernah lepas dari peran dan dukungan masyarakat maka dari itu mohon dukungan dan doa untuk tni polri ya sobat demi kinerja dan pengabdian yang semakin baik untuk memelihara kamtibmas di nkri ; mamba oke Terimakasih sobat polri Sinergitas TNI Polri tentu tak akan pernah lepas dari peran dan dukungan masyarakat Maka dari itu mohon dukungan dan doa untuk TNI Polri ya sobat demi kinerja dan pengabdian yang semakin baik untuk memelihara Kamtibmas di NKRI ;['', 'mamba', 'oke', 'terimakasih', 'sobat', 'polri', 'sinergitas', 'tni', 'polri', 'tentu', 'tak', 'akan', 'pernah', 'lepas', 'dari', 'peran', 'dan', 'dukungan', 'masyarakat', 'maka', 'dari', 'itu', 'mohon', 'dukungan', 'dan', 'doa', 'untuk', 'tni', 'polri', 'ya', 'sobat', 'demi', 'kinerja', 'dan', 'pengabdian', 'yang', 'semakin', 'baik', 'untuk', 'memelihara', 'kamtibmas', 'di', 'nkri', '']; mamba oke terimakasih sobat polri sinergitas tni polri lepas peran dukungan masyarakat mohon dukungan doa tni polri ya sobat kinerja pengabdian memelihara kamtibmas nkri ;positif
1,61554E+18;18/01/2023 10:00; yogiekosaputra2 terimakasih atas responnya sobat polri kami akan berusaha sebaik mungkin untuk menindaklanjuti sesuai dengan hukum yang berlaku mohon dukungannya peran serta masyarakat juga sangat membantu untuk memberantas narkoba dan membantu kinerja kepolisian terimakasih ; yogiekosaputra2 Terimakasih atas responnya sobat Polri Kami akan berusaha sebaik mungkin untuk menindaklanjuti sesuai dengan hukum yang berlaku Mohon dukungannya peran serta masyarakat juga sangat membantu untuk memberantas narkoba dan membantu kinerja kepolisian Terimakasih ;['', 'yogiekosaputra2', 'terimakasih', 'atas', 'responnya', 'sobat', 'polri', 'kami', 'akan', 'berusaha', 'sebaik', 'mungkin', 'untuk', 'menindaklanjuti', 'sesuai', 'dengan', 'hukum', 'yang', 'berlaku', 'mohon', 'dukungannya', 'peran', 'serta', 'masyarakat', 'juga', 'sangat', 'membantu', 'untuk', 'memberantas', 'narkoba', 'dan', 'membantu', 'kinerja', 'kepolisian', 'terimakasih', '']; yogiekosaputra2 terimakasih responnya sobat polri berusaha menindaklanjuti sesuai hukum berlaku mohon dukungannya peran masyarakat membantu memberantas narkoba membantu kinerja kepolisian terimakasih ;positif
1,61538E+18;17/01/2023 23:15;rt restubu91084539 divhumas polri saya jadi ragu dengan kinerja kapolri kemarin saya sudah sangat pecaya dgn polri tapi dgn kejadian i ;RT RestuBu91084539 DivHumas Polri Saya jadi ragu dengan kinerja kapolri Kemarin saya sudah sangat pecaya dgn polri Tapi dgn kejadian i ;['rt', 'restubu91084539', 'divhumas', 'polri', 'saya', 'jadi', 'ragu', 'dengan', 'kinerja', 'kapolri', 'kemarin', 'saya', 'sudah', 'sangat', 'pecaya', 'dgn', 'polri', 'tapi', 'dgn', 'kejadian', 'i', ''];rt restubu91084539 divhumas polri ragu kinerja kapolri kemarin pecaya dgn polri dgn kejadian i ;negatif
1,61533E+18;17/01/2023 19:48;area manager pt jasa marga tollroad operator jmto ruas padaleunyi cipularang apresiasi kinerja polri menjaga sinergitas saat kegiatan ops nataru 2022 https t co d1opbso7yy;Area Manager PT Jasa Marga Tollroad Operator JMTO Ruas Padaleunyi Cipularang Apresiasi Kinerja Polri menjaga Sinergitas saat Kegiatan Ops Nataru 2022 https t co d1opbsO7Yy;['area', 'manager', 'pt', 'jasa', 'marga', 'tollroad', 'operator', 'jmto', 'ruas', 'padaleunyi', 'cipularang', 'apresiasi', 'kinerja', 'polri', 'menjaga', 'sinergitas', 'saat', 'kegiatan', 'ops', 'nataru', '2022', 'https', 't', 'co', 'd1opbso7yy'];area manager pt jasa marga tollroad operator jmto ruas padaleunyi cipularang apresiasi kinerja polri menjaga sinergitas kegiatan ops nataru 2022 https t co d1opbso7yy;positif
1,6153E+18;17/01/2023 17:36; senoittalk detikcom kalau polisi yang bawa mobil dan ada bocil begitu harusnya sih yang salah bocil karena bakal dianggap menghambat kinerja gitu ga sih cmiiw; SenoIttalk detikcom Kalau polisi yang bawa mobil dan ada bocil begitu harusnya sih yang salah bocil Karena bakal dianggap menghambat kinerja gitu ga sih CMIIW;['', 'senoittalk', 'detikcom', 'kalau', 'polisi', 'yang', 'bawa', 'mobil', 'dan', 'ada', 'bocil', 'begitu', 'harusnya', 'sih', 'yang', 'salah', 'bocil', 'karena', 'bakal', 'dianggap', 'menghambat', 'kinerja', 'gitu', 'ga', 'sih', 'cmiiw']; senoittalk detikcom polisi bawa mobil bocil sih salah bocil dianggap menghambat kinerja gitu ga sih cmiiw;negatif
1,61529E+18;17/01/2023 17:25;iman soleh seniman budayawan jabar pengajar isbi bandung berikan apresiasi kinerja polri bapak iman soleh komunitas celah celah langit jalan dr setiabudi gg bapak eni no 8 169 a kel ledeng kec cidadap kota bandung wilkum polsek cidadap polrestabes bandung selasa 17 01 23 https t co pqvfjbxc4q;Iman Soleh Seniman Budayawan JABAR Pengajar ISBI Bandung Berikan Apresiasi Kinerja Polri Bapak Iman Soleh Komunitas Celah Celah Langit Jalan Dr Setiabudi Gg Bapak Eni No 8 169 A Kel Ledeng Kec Cidadap Kota Bandung Wilkum Polsek Cidadap Polrestabes Bandung Selasa 17 01 23 https t co pqvfJBxC4Q;['iman', 'soleh', 'seniman', 'budayawan', 'jabar', 'pengajar', 'isbi', 'bandung', 'berikan', 'apresiasi', 'kinerja', 'polri', 'bapak', 'iman', 'soleh', 'komunitas', 'celah', 'celah', 'langit', 'jalan', 'dr', 'setiabudi', 'gg', 'bapak', 'eni', 'no', '8', '169', 'a', 'kel', 'ledeng', 'kec', 'cidadap', 'kota', 'bandung', 'wilkum', 'polsek', 'cidadap', 'polrestabes', 'bandung', 'selasa', '17', '01', '23', 'https', 't', 'co', 'pqvfjbxc4q'];iman soleh seniman budayawan jabar pengajar isbi bandung apresiasi kinerja polri iman soleh komunitas celah celah langit jalan dr setiabudi gg eni no 8 169 a kel ledeng kec cidadap kota bandung wilkum polsek cidadap polrestabes bandung selasa 17 01 23 https t co pqvfjbxc4q;positif
1,61529E+18;17/01/2023 17:04;ketua karang taruna kota banjar apresiasi keberhasilan kinerja polri khususnya polres banjar dari https t co bciz5hm40m karangtaruna pemuda karangtarunaindonesia trending;Ketua Karang Taruna Kota Banjar Apresiasi Keberhasilan Kinerja Polri Khususnya Polres Banjar dari https t co BcIZ5Hm40M karangtaruna pemuda karangtarunaindonesia trending;['ketua', 'karang', 'taruna', 'kota', 'banjar', 'apresiasi', 'keberhasilan', 'kinerja', 'polri', 'khususnya', 'polres', 'banjar', 'dari', 'https', 't', 'co', 'bciz5hm40m', 'karangtaruna', 'pemuda', 'karangtarunaindonesia', 'trending'];ketua karang taruna kota banjar apresiasi keberhasilan kinerja polri polres banjar https t co bciz5hm40m karangtaruna pemuda karangtarunaindonesia trending;positif
1,61529E+18;17/01/2023 16:49;ketua fprn jawa barat beri apresiasi atas kinerja polda jawa barat dalam mengimplementasikan polri yang presisi https t co pmfl9b1z9t;Ketua FPRN Jawa Barat Beri Apresiasi Atas Kinerja Polda Jawa Barat Dalam Mengimplementasikan Polri Yang Presisi https t co PMfL9b1Z9t;['ketua', 'fprn', 'jawa', 'barat', 'beri', 'apresiasi', 'atas', 'kinerja', 'polda', 'jawa', 'barat', 'dalam', 'mengimplementasikan', 'polri', 'yang', 'presisi', 'https', 't', 'co', 'pmfl9b1z9t'];ketua fprn jawa barat apresiasi kinerja polda jawa barat mengimplementasikan polri presisi https t co pmfl9b1z9t;positif
1,61527E+18;17/01/2023 15:31;pimpinan yayasan assalam kota bandung apresiasi kinerja polri saat giat sambang bhabinkamtibmas kelurahan balonggede polsek regol polrestabes bandung aiptu agus sutiawan melaksanakan sambang dan silaturohmi kepada pimpinan yayasan assalam kh habib syarief muhammad al aydrus https t co hknjj5bd2b;Pimpinan Yayasan Assalam Kota Bandung Apresiasi Kinerja Polri Saat Giat Sambang Bhabinkamtibmas Kelurahan Balonggede Polsek Regol Polrestabes Bandung Aiptu Agus Sutiawan melaksanakan sambang Dan silaturohmi kepada Pimpinan Yayasan Assalam KH Habib Syarief Muhammad Al AYDRUS https t co HkNjJ5Bd2B;['pimpinan', 'yayasan', 'assalam', 'kota', 'bandung', 'apresiasi', 'kinerja', 'polri', 'saat', 'giat', 'sambang', 'bhabinkamtibmas', 'kelurahan', 'balonggede', 'polsek', 'regol', 'polrestabes', 'bandung', 'aiptu', 'agus', 'sutiawan', 'melaksanakan', 'sambang', 'dan', 'silaturohmi', 'kepada', 'pimpinan', 'yayasan', 'assalam', 'kh', 'habib', 'syarief', 'muhammad', 'al', 'aydrus', 'https', 't', 'co', 'hknjj5bd2b'];pimpinan yayasan assalam kota bandung apresiasi kinerja polri giat sambang bhabinkamtibmas kelurahan balonggede polsek regol polrestabes bandung aiptu agus sutiawan melaksanakan sambang silaturohmi pimpinan yayasan assalam kh habib syarief muhammad al aydrus https t co hknjj5bd2b;positif
1,61526E+18;17/01/2023 15:01;motifasi 2023 motifasi tahun https t co zlkfoe5tbt semangat dan profesional dalam melaksanakan kinerja sebagai anggota kepolisian republik indonesia dalam melayani mengayomi dan melindungi masyarakat polsektanjungharapan kamisiapmelayanianda https t co bhwqriayib;MOTIFASI 2023 MOTIFASI TAHUN https t co ZLkfoE5TBt Semangat dan profesional dalam melaksanakan kinerja sebagai Anggota Kepolisian Republik Indonesia dalam Melayani Mengayomi dan Melindungi masyarakat PolsekTanjungHarapan KamiSiapMelayaniAnda https t co bHWqRIAYiB;['motifasi', '2023', 'motifasi', 'tahun', 'https', 't', 'co', 'zlkfoe5tbt', 'semangat', 'dan', 'profesional', 'dalam', 'melaksanakan', 'kinerja', 'sebagai', 'anggota', 'kepolisian', 'republik', 'indonesia', 'dalam', 'melayani', 'mengayomi', 'dan', 'melindungi', 'masyarakat', 'polsektanjungharapan', 'kamisiapmelayanianda', 'https', 't', 'co', 'bhwqriayib'];motifasi 2023 motifasi https t co zlkfoe5tbt semangat profesional melaksanakan kinerja anggota kepolisian republik indonesia melayani mengayomi melindungi masyarakat polsektanjungharapan kamisiapmelayanianda https t co bhwqriayib;positif
1,61526E+18;17/01/2023 14:49;tokoh agama kh tengku maulana s m pimpinan majelis taklim nurhafa husnul khotimah kelurahan batununggal kec bandung kidul kota bandung apresiasi kinerja polri saat kegiatan sambang https t co 5qxxl0xeni;Tokoh Agama KH Tengku Maulana S M Pimpinan Majelis Taklim Nurhafa Husnul Khotimah Kelurahan Batununggal Kec Bandung Kidul Kota Bandung Apresiasi Kinerja Polri saat kegiatan sambang https t co 5QxxL0XENI;['tokoh', 'agama', 'kh', 'tengku', 'maulana', 's', 'm', 'pimpinan', 'majelis', 'taklim', 'nurhafa', 'husnul', 'khotimah', 'kelurahan', 'batununggal', 'kec', 'bandung', 'kidul', 'kota', 'bandung', 'apresiasi', 'kinerja', 'polri', 'saat', 'kegiatan', 'sambang', 'https', 't', 'co', '5qxxl0xeni'];tokoh agama kh tengku maulana s m pimpinan majelis taklim nurhafa husnul khotimah kelurahan batununggal kec bandung kidul kota bandung apresiasi kinerja polri kegiatan sambang https t co 5qxxl0xeni;positif
1,61525E+18;17/01/2023 14:16;ketua fkub kota dan kabupaten sukabumi apresiasi kinerja polri polripenolongpresisi https t co vfdysqztys;Ketua FKUB Kota dan Kabupaten Sukabumi Apresiasi Kinerja Polri polripenolongpresisi https t co vFdYSqztys;['ketua', 'fkub', 'kota', 'dan', 'kabupaten', 'sukabumi', 'apresiasi', 'kinerja', 'polri', 'polripenolongpresisi', 'https', 't', 'co', 'vfdysqztys'];ketua fkub kota kabupaten sukabumi apresiasi kinerja polri polripenolongpresisi https t co vfdysqztys;positif
1,61524E+18;17/01/2023 13:53;kinerja polri mendapat apresiasi dari sederet tokoh masyarakat di awal tahun 2023 ini apresiasi berdatangan dari berbagai lapisan masyarakat seperti h ahmad juheri yang merupakan ketua rt 06 rw 06 kelurahan sindang barang dalam wilayah hukum polsek bogor barat https t co ac2uyq82lm;Kinerja Polri mendapat apresiasi dari sederet tokoh masyarakat di awal tahun 2023 ini Apresiasi berdatangan dari berbagai lapisan masyarakat seperti H Ahmad Juheri yang merupakan ketua Rt 06 Rw 06 Kelurahan sindang barang dalam wilayah Hukum Polsek Bogor Barat https t co AC2uYQ82lm;['kinerja', 'polri', 'mendapat', 'apresiasi', 'dari', 'sederet', 'tokoh', 'masyarakat', 'di', 'awal', 'tahun', '2023', 'ini', 'apresiasi', 'berdatangan', 'dari', 'berbagai', 'lapisan', 'masyarakat', 'seperti', 'h', 'ahmad', 'juheri', 'yang', 'merupakan', 'ketua', 'rt', '06', 'rw', '06', 'kelurahan', 'sindang', 'barang', 'dalam', 'wilayah', 'hukum', 'polsek', 'bogor', 'barat', 'https', 't', 'co', 'ac2uyq82lm'];kinerja polri apresiasi sederet tokoh masyarakat 2023 apresiasi lapisan masyarakat h ahmad juheri ketua rt 06 rw 06 kelurahan sindang barang wilayah hukum polsek bogor barat https t co ac2uyq82lm;positif
1,61524E+18;17/01/2023 13:49;ketua karang taruna kota banjar apresiasi keberhasilan kinerja polri khususnya polres banjar https t co wtstanqtwa;Ketua Karang Taruna Kota Banjar Apresiasi Keberhasilan Kinerja Polri Khususnya Polres Banjar https t co WtStAnqTWa;['ketua', 'karang', 'taruna', 'kota', 'banjar', 'apresiasi', 'keberhasilan', 'kinerja', 'polri', 'khususnya', 'polres', 'banjar', 'https', 't', 'co', 'wtstanqtwa'];ketua karang taruna kota banjar apresiasi keberhasilan kinerja polri polres banjar https t co wtstanqtwa;positif
1,61523E+18;17/01/2023 13:29;ketua mui bandung apresiasi kinerja polri saat kegiatan sambang selasa 17 januari 2023 bertempat jl sidomukti no 39 kel sukaluyu kanit binmas ipda sudiyono beserta babinkamtibmas telah melaksanakan sambang dan silaturahmi kepada kh dr miftah farid ketua mui kota bandung https t co 6mvo49hnkl;Ketua MUI Bandung Apresiasi Kinerja Polri saat Kegiatan Sambang selasa 17 Januari 2023 bertempat Jl Sidomukti no 39 Kel Sukaluyu Kanit Binmas Ipda Sudiyono beserta Babinkamtibmas telah melaksanakan Sambang dan Silaturahmi kepada KH DR Miftah Farid Ketua MUI Kota Bandung https t co 6mVO49HnkL;['ketua', 'mui', 'bandung', 'apresiasi', 'kinerja', 'polri', 'saat', 'kegiatan', 'sambang', 'selasa', '17', 'januari', '2023', 'bertempat', 'jl', 'sidomukti', 'no', '39', 'kel', 'sukaluyu', 'kanit', 'binmas', 'ipda', 'sudiyono', 'beserta', 'babinkamtibmas', 'telah', 'melaksanakan', 'sambang', 'dan', 'silaturahmi', 'kepada', 'kh', 'dr', 'miftah', 'farid', 'ketua', 'mui', 'kota', 'bandung', 'https', 't', 'co', '6mvo49hnkl'];ketua mui bandung apresiasi kinerja polri kegiatan sambang selasa 17 januari 2023 bertempat jl sidomukti no 39 kel sukaluyu kanit binmas ipda sudiyono beserta babinkamtibmas melaksanakan sambang silaturahmi kh dr miftah farid ketua mui kota bandung https t co 6mvo49hnkl;positif
1,61522E+18;17/01/2023 12:45;dosen universitas al ghifari bandung berikan apresiasi kinerja polri khususnya polda jabar https t co puklzkclzp https t co xp4djvdoc8;Dosen Universitas Al Ghifari Bandung Berikan Apresiasi Kinerja Polri Khususnya Polda Jabar https t co PUKlZkClZP https t co Xp4DJvDoc8;['dosen', 'universitas', 'al', 'ghifari', 'bandung', 'berikan', 'apresiasi', 'kinerja', 'polri', 'khususnya', 'polda', 'jabar', 'https', 't', 'co', 'puklzkclzp', 'https', 't', 'co', 'xp4djvdoc8'];dosen universitas al ghifari bandung apresiasi kinerja polri polda jabar https t co puklzkclzp https t co xp4djvdoc8;positif
1,61519E+18;17/01/2023 10:30;testimony dari aparatur desa jayaputra kec sariwangi tentang apresiasi kinerja terhadap polri https t co fzidckxo5l;Testimony dari Aparatur Desa Jayaputra Kec Sariwangi tentang Apresiasi Kinerja terhadap Polri https t co FzIDCKXo5l;['testimony', 'dari', 'aparatur', 'desa', 'jayaputra', 'kec', 'sariwangi', 'tentang', 'apresiasi', 'kinerja', 'terhadap', 'polri', 'https', 't', 'co', 'fzidckxo5l'];testimony aparatur desa jayaputra kec sariwangi apresiasi kinerja polri https t co fzidckxo5l;positif
1,61518E+18;17/01/2023 10:03;apresiasi ketua umum mui kota bandung kh miftah farid terhadap kinerja polri dalam menjaga kamtibmas di kota bandung polisipenolongpresisi https t co ec0o6qdlwo;Apresiasi Ketua Umum MUI Kota Bandung KH MIFTAH FARID terhadap Kinerja Polri dalam menjaga Kamtibmas di Kota Bandung Polisipenolongpresisi https t co EC0o6QDLwO;['apresiasi', 'ketua', 'umum', 'mui', 'kota', 'bandung', 'kh', 'miftah', 'farid', 'terhadap', 'kinerja', 'polri', 'dalam', 'menjaga', 'kamtibmas', 'di', 'kota', 'bandung', 'polisipenolongpresisi', 'https', 't', 'co', 'ec0o6qdlwo'];apresiasi ketua mui kota bandung kh miftah farid kinerja polri menjaga kamtibmas kota bandung polisipenolongpresisi https t co ec0o6qdlwo;positif
1,61517E+18;17/01/2023 09:22; divhumas polri saya percaya atas kinerja polri saya yakin ada yg menggerakkan k2 belah pihak ; DivHumas Polri Saya percaya atas kinerja polri saya yakin ada yg menggerakkan K2 belah pihak ;['', 'divhumas', 'polri', 'saya', 'percaya', 'atas', 'kinerja', 'polri', 'saya', 'yakin', 'ada', 'yg', 'menggerakkan', 'k2', 'belah', 'pihak', '']; divhumas polri percaya kinerja polri yg menggerakkan k2 belah ;positif
1,61515E+18;17/01/2023 08:01;mohon ijin komandan melaporkan bersama ini mengirimkan video testimoni apresiasi terhadap polri dari tokoh masyarakat sdr rohidin kec parungponteng video testimoni apresiasi terhadap kinerja polri terlampir dum https t co fkj7a3eszq;Mohon ijin Komandan melaporkan Bersama ini mengirimkan Video Testimoni Apresiasi terhadap Polri dari Tokoh Masyarakat sdr Rohidin Kec Parungponteng Video testimoni apresiasi terhadap kinerja polri terlampir Dum https t co FKj7A3EsZQ;['mohon', 'ijin', 'komandan', 'melaporkan', 'bersama', 'ini', 'mengirimkan', 'video', 'testimoni', 'apresiasi', 'terhadap', 'polri', 'dari', 'tokoh', 'masyarakat', 'sdr', 'rohidin', 'kec', 'parungponteng', 'video', 'testimoni', 'apresiasi', 'terhadap', 'kinerja', 'polri', 'terlampir', 'dum', 'https', 't', 'co', 'fkj7a3eszq'];mohon ijin komandan melaporkan mengirimkan video testimoni apresiasi polri tokoh masyarakat sdr rohidin kec parungponteng video testimoni apresiasi kinerja polri terlampir dum https t co fkj7a3eszq;positif
1,61513E+18;17/01/2023 06:47; divhumas polri saya jadi ragu dengan kinerja kapolri kemarin saya sudah sangat pecaya dgn polri tapi dgn kejadian ini mulai surut kepercayaan saya terhadap polri memang benar bahwa keadilan di negri ini nihil buat rakyat kecil ; DivHumas Polri Saya jadi ragu dengan kinerja kapolri Kemarin saya sudah sangat pecaya dgn polri Tapi dgn kejadian ini Mulai surut kepercayaan saya terhadap polri Memang benar Bahwa keadilan di negri ini nihil buat rakyat kecil ;['', 'divhumas', 'polri', 'saya', 'jadi', 'ragu', 'dengan', 'kinerja', 'kapolri', 'kemarin', 'saya', 'sudah', 'sangat', 'pecaya', 'dgn', 'polri', 'tapi', 'dgn', 'kejadian', 'ini', 'mulai', 'surut', 'kepercayaan', 'saya', 'terhadap', 'polri', 'memang', 'benar', 'bahwa', 'keadilan', 'di', 'negri', 'ini', 'nihil', 'buat', 'rakyat', 'kecil', '']; divhumas polri ragu kinerja kapolri kemarin pecaya dgn polri dgn kejadian surut kepercayaan polri keadilan negri nihil rakyat ;negatif
1,61504E+18;17/01/2023 00:20;nggk bisa berkata apa apa lagi kinerja aparatnya emang ribet dan gaje pernah skali hp gw dijambret dari dlm mobil lokasi deket pos polisi yg masih rame pas lapor mereka blng mesti bikin surat keterangan dari kantor pusat yg jauh banget mana kondisi jam 10 malam lagi https t co mshjkcpjok;Nggk bisa berkata apa apa lagi Kinerja aparatnya emang ribet dan gaje Pernah skali hp gw dijambret dari dlm mobil lokasi deket pos polisi yg masih rame pas lapor mereka blng mesti bikin surat keterangan dari kantor pusat yg jauh banget mana kondisi jam 10 malam lagi https t co MshjkCPjOK;['nggk', 'bisa', 'berkata', 'apa', 'apa', 'lagi', 'kinerja', 'aparatnya', 'emang', 'ribet', 'dan', 'gaje', 'pernah', 'skali', 'hp', 'gw', 'dijambret', 'dari', 'dlm', 'mobil', 'lokasi', 'deket', 'pos', 'polisi', 'yg', 'masih', 'rame', 'pas', 'lapor', 'mereka', 'blng', 'mesti', 'bikin', 'surat', 'keterangan', 'dari', 'kantor', 'pusat', 'yg', 'jauh', 'banget', 'mana', 'kondisi', 'jam', '10', 'malam', 'lagi', 'https', 't', 'co', 'mshjkcpjok'];nggk kinerja aparatnya emang ribet gaje skali hp gw dijambret dlm mobil lokasi deket pos polisi yg rame pas lapor blng mesti bikin surat keterangan kantor pusat yg banget kondisi jam 10 malam https t co mshjkcpjok;negatif
1,61498E+18;16/01/2023 20:33; e100ss divhumas polri lek urusan bokep ae cepet masalah begini lemot naudzubillah hiih sumpah nggilani misal e rakyat isa kasih rating kinerja polri yakin rating kalian gk jauh2 dari bintang 1 aajajanajjsjrjr mendidih banget baca berita ini ; e100ss DivHumas Polri LEK URUSAN BOKEP AE CEPET MASALAH BEGINI LEMOT NAUDZUBILLAH HIIH SUMPAH NGGILANI MISAL E RAKYAT ISA KASIH RATING KINERJA POLRI YAKIN RATING KALIAN GK JAUH2 DARI BINTANG 1 AAJAJANAJJSJRJR MENDIDIH BANGET BACA BERITA INI ;['', 'e100ss', 'divhumas', 'polri', 'lek', 'urusan', 'bokep', 'ae', 'cepet', 'masalah', 'begini', 'lemot', 'naudzubillah', 'hiih', 'sumpah', 'nggilani', 'misal', 'e', 'rakyat', 'isa', 'kasih', 'rating', 'kinerja', 'polri', 'yakin', 'rating', 'kalian', 'gk', 'jauh2', 'dari', 'bintang', '1', 'aajajanajjsjrjr', 'mendidih', 'banget', 'baca', 'berita', 'ini', '']; e100ss divhumas polri lek urusan bokep ae cepet lemot naudzubillah hiih sumpah nggilani e rakyat isa kasih rating kinerja polri rating gk jauh2 bintang 1 aajajanajjsjrjr mendidih banget baca berita ;negatif
1,61491E+18;16/01/2023 15:53;wali kota cirebon drs nasrudin azis s h berikan apresiasi atas kinerja polri https t co npd5eierhf;Wali Kota Cirebon Drs Nasrudin Azis S H Berikan Apresiasi Atas Kinerja Polri https t co NpD5EierhF;['wali', 'kota', 'cirebon', 'drs', 'nasrudin', 'azis', 's', 'h', 'berikan', 'apresiasi', 'atas', 'kinerja', 'polri', 'https', 't', 'co', 'npd5eierhf'];wali kota cirebon drs nasrudin azis s h apresiasi kinerja polri https t co npd5eierhf;positif
1,61489E+18;16/01/2023 14:32; yrisella terimakasih sobat polri semangat polri dalam memberikan kontribusi tentunya tak akan pernah lepas dari peran dan dukungan masyarakat maka dari itu mohon dukungan dan doa yang tanpa henti untuk polri ya sobat demi kinerja dan pengabdian yang semakin baik ; YRisella Terimakasih sobat Polri semangat Polri dalam memberikan kontribusi tentunya tak akan pernah lepas dari peran dan dukungan masyarakat maka dari itu mohon dukungan dan doa yang tanpa henti untuk Polri ya sobat demi kinerja dan pengabdian yang semakin baik ;['', 'yrisella', 'terimakasih', 'sobat', 'polri', 'semangat', 'polri', 'dalam', 'memberikan', 'kontribusi', 'tentunya', 'tak', 'akan', 'pernah', 'lepas', 'dari', 'peran', 'dan', 'dukungan', 'masyarakat', 'maka', 'dari', 'itu', 'mohon', 'dukungan', 'dan', 'doa', 'yang', 'tanpa', 'henti', 'untuk', 'polri', 'ya', 'sobat', 'demi', 'kinerja', 'dan', 'pengabdian', 'yang', 'semakin', 'baik', '']; yrisella terimakasih sobat polri semangat polri kontribusi lepas peran dukungan masyarakat mohon dukungan doa henti polri ya sobat kinerja pengabdian ;positif
1,61488E+18;16/01/2023 13:54;kopi bareng bersama bapak kapolsek su1 di mako polsek sekaligus anev mingguan mengoreksi giat kinerja personil polisi palembang polisi sumsel ahmad firdaus wp polisi sumsel https t co x5kv53mvqw;KOPI BARENG bersama bapak kapolsek su1 di Mako Polsek sekaligus anev mingguan mengoreksi giat kinerja personil polisi palembang polisi sumsel ahmad firdaus wp polisi sumsel https t co X5KV53mVqw;['kopi', 'bareng', 'bersama', 'bapak', 'kapolsek', 'su1', 'di', 'mako', 'polsek', 'sekaligus', 'anev', 'mingguan', 'mengoreksi', 'giat', 'kinerja', 'personil', 'polisi', 'palembang', 'polisi', 'sumsel', 'ahmad', 'firdaus', 'wp', 'polisi', 'sumsel', 'https', 't', 'co', 'x5kv53mvqw'];kopi bareng kapolsek su1 mako polsek anev mingguan mengoreksi giat kinerja personil polisi palembang polisi sumsel ahmad firdaus wp polisi sumsel https t co x5kv53mvqw;positif
1,61485E+18;16/01/2023 12:13; thefeelingof1 terimakasih atas responnya sobat kami akan berusaha sebaik mungkin untuk menindaklanjuti sesuai dengan hukum yang berlaku mohon dukungannya peran serta masyarakat juga sangat membantu untuk memberantas narkoba dan membantu kinerja kepolisian ; thefeelingof1 Terimakasih atas responnya sobat Kami akan berusaha sebaik mungkin untuk menindaklanjuti sesuai dengan hukum yang berlaku Mohon dukungannya peran serta masyarakat juga sangat membantu untuk memberantas narkoba dan membantu kinerja Kepolisian ;['', 'thefeelingof1', 'terimakasih', 'atas', 'responnya', 'sobat', 'kami', 'akan', 'berusaha', 'sebaik', 'mungkin', 'untuk', 'menindaklanjuti', 'sesuai', 'dengan', 'hukum', 'yang', 'berlaku', 'mohon', 'dukungannya', 'peran', 'serta', 'masyarakat', 'juga', 'sangat', 'membantu', 'untuk', 'memberantas', 'narkoba', 'dan', 'membantu', 'kinerja', 'kepolisian', '']; thefeelingof1 terimakasih responnya sobat berusaha menindaklanjuti sesuai hukum berlaku mohon dukungannya peran masyarakat membantu memberantas narkoba membantu kinerja kepolisian ;positif
1,61485E+18;16/01/2023 11:45;sidokes polres bangli berikan pelayanan pemeriksaan kesehatan kepada anggota polri di polsek bangli untuk menunjang kinerja polri dalam menjaga kamtibmas poldabali polresbangli https t co z8vlbwpoxd;Sidokes Polres Bangli berikan pelayanan pemeriksaan kesehatan kepada Anggota Polri di Polsek Bangli untuk menunjang kinerja Polri dalam menjaga kamtibmas poldabali polresbangli https t co Z8VlbWPOxD;['sidokes', 'polres', 'bangli', 'berikan', 'pelayanan', 'pemeriksaan', 'kesehatan', 'kepada', 'anggota', 'polri', 'di', 'polsek', 'bangli', 'untuk', 'menunjang', 'kinerja', 'polri', 'dalam', 'menjaga', 'kamtibmas', 'poldabali', 'polresbangli', 'https', 't', 'co', 'z8vlbwpoxd'];sidokes polres bangli pelayanan pemeriksaan kesehatan anggota polri polsek bangli menunjang kinerja polri menjaga kamtibmas poldabali polresbangli https t co z8vlbwpoxd;positif
1,61485E+18;16/01/2023 11:40;kapolsek gelumbang iptu rendy novriady s t k s i k beserta kanit dan anggota melakukan rapat anev pimpinan guna meningkatkan kinerja polri dalam melindungi mengayomi dan melayani masyarakat sumsel poldasumsel polisisumsel polisipalembang polisimuaraemim https t co gvax9x2kvz;Kapolsek Gelumbang IPTU RENDY NOVRIADY S T K S I K Beserta kanit dan anggota melakukan Rapat Anev pimpinan Guna meningkatkan kinerja Polri dalam melindungi mengayomi dan melayani masyarakat sumsel poldasumsel polisisumsel polisipalembang polisimuaraemim https t co gvax9X2KvZ;['kapolsek', 'gelumbang', 'iptu', 'rendy', 'novriady', 's', 't', 'k', 's', 'i', 'k', 'beserta', 'kanit', 'dan', 'anggota', 'melakukan', 'rapat', 'anev', 'pimpinan', 'guna', 'meningkatkan', 'kinerja', 'polri', 'dalam', 'melindungi', 'mengayomi', 'dan', 'melayani', 'masyarakat', 'sumsel', 'poldasumsel', 'polisisumsel', 'polisipalembang', 'polisimuaraemim', 'https', 't', 'co', 'gvax9x2kvz'];kapolsek gelumbang iptu rendy novriady s t k s i k beserta kanit anggota rapat anev pimpinan meningkatkan kinerja polri melindungi mengayomi melayani masyarakat sumsel poldasumsel polisisumsel polisipalembang polisimuaraemim https t co gvax9x2kvz;positif
1,61484E+18;16/01/2023 11:32;sidokes polres bangli berikan pelayanan pemeriksaan kesehatan kepada anggota polri di polsek bangli untuk menunjang kinerja polri dalam menjaga kamtibmas poldabali polresbangli https t co hvwjf8yuyz;Sidokes Polres Bangli berikan pelayanan pemeriksaan kesehatan kepada Anggota Polri di Polsek Bangli untuk menunjang kinerja Polri dalam menjaga kamtibmas poldabali polresbangli https t co hVwJf8yUYz;['sidokes', 'polres', 'bangli', 'berikan', 'pelayanan', 'pemeriksaan', 'kesehatan', 'kepada', 'anggota', 'polri', 'di', 'polsek', 'bangli', 'untuk', 'menunjang', 'kinerja', 'polri', 'dalam', 'menjaga', 'kamtibmas', 'poldabali', 'polresbangli', 'https', 't', 'co', 'hvwjf8yuyz'];sidokes polres bangli pelayanan pemeriksaan kesehatan anggota polri polsek bangli menunjang kinerja polri menjaga kamtibmas poldabali polresbangli https t co hvwjf8yuyz;positif
1,61479E+18;16/01/2023 08:10; siapaak13719019 ayang utriza divhumas polri kejaksaanri nunggu di neraka lah sambil liatin kinerja anak cucu adam; SiapaAk13719019 Ayang Utriza DivHumas Polri KejaksaanRI Nunggu di neraka lah Sambil liatin kinerja anak cucu adam;['', 'siapaak13719019', 'ayang', 'utriza', 'divhumas', 'polri', 'kejaksaanri', 'nunggu', 'di', 'neraka', 'lah', 'sambil', 'liatin', 'kinerja', 'anak', 'cucu', 'adam']; siapaak13719019 ayang utriza divhumas polri kejaksaanri nunggu neraka liatin kinerja anak cucu adam;negatif
1,61476E+18;16/01/2023 05:48; adjie40673181 msaid didu eh tablo kalau lo kaga percaya sama polisi itu urusan lo tetapi penegak hukum di indonesia ya polisi ya tablo lo dongo sih kaga percaya sama polisi walaupun kinerja polisi itu lamban benahi harusnya orang polisi itu sendiri bukan malah institusinya paham blok ; Adjie40673181 msaid didu Eh tablo Kalau lo kaga percaya sama polisi Itu urusan lo Tetapi penegak hukum di indonesia ya polisi ya tablo Lo dongo sih kaga percaya sama polisi walaupun kinerja polisi itu lamban Benahi harusnya orang polisi itu sendiri bukan malah institusinya Paham blok ;['', 'adjie40673181', 'msaid', 'didu', 'eh', 'tablo', 'kalau', 'lo', 'kaga', 'percaya', 'sama', 'polisi', 'itu', 'urusan', 'lo', 'tetapi', 'penegak', 'hukum', 'di', 'indonesia', 'ya', 'polisi', 'ya', 'tablo', 'lo', 'dongo', 'sih', 'kaga', 'percaya', 'sama', 'polisi', 'walaupun', 'kinerja', 'polisi', 'itu', 'lamban', 'benahi', 'harusnya', 'orang', 'polisi', 'itu', 'sendiri', 'bukan', 'malah', 'institusinya', 'paham', 'blok', '']; adjie40673181 msaid didu eh tablo lo kaga percaya polisi urusan lo penegak hukum indonesia ya polisi ya tablo lo dongo sih kaga percaya polisi kinerja polisi lamban benahi orang polisi institusinya paham blok ;negatif
1,61465E+18;15/01/2023 23:04;rt ceciliasuwanda1 anakkolong polresblora ariefrohman 838 divhumas polri appresiasi atas kinerja kepolisian amp bupati tlh menangkap ;RT CeciliaSuwanda1 AnakKolong polresblora AriefRohman 838 DivHumas Polri Appresiasi atas kinerja Kepolisian amp Bupati tlh menangkap ;['rt', 'ceciliasuwanda1', 'anakkolong', 'polresblora', 'ariefrohman', '838', 'divhumas', 'polri', 'appresiasi', 'atas', 'kinerja', 'kepolisian', 'amp', 'bupati', 'tlh', 'menangkap', ''];rt ceciliasuwanda1 anakkolong polresblora ariefrohman 838 divhumas polri appresiasi kinerja kepolisian amp bupati tlh menangkap ;positif
1,61465E+18;15/01/2023 22:56; anakkolong polresblora ariefrohman 838 divhumas polri appresiasi atas kinerja kepolisian amp bupati tlh menangkap pelaku yg ternyata ayah kandung korban terima kasih bang anakkolong yg memviralkan kasus ini hingga mendapat perhatian dari aparat berharap pemda dinsos amp ibu2 bhayangkari blora memberi perhatian kpd korban amp bayi ; AnakKolong polresblora AriefRohman 838 DivHumas Polri Appresiasi atas kinerja Kepolisian amp Bupati tlh menangkap pelaku yg ternyata Ayah Kandung korban Terima kasih bang AnakKolong yg memViralkan kasus ini hingga mendapat perhatian dari aparat Berharap Pemda Dinsos amp ibu2 Bhayangkari Blora memberi perhatian kpd korban amp bayi ;['', 'anakkolong', 'polresblora', 'ariefrohman', '838', 'divhumas', 'polri', 'appresiasi', 'atas', 'kinerja', 'kepolisian', 'amp', 'bupati', 'tlh', 'menangkap', 'pelaku', 'yg', 'ternyata', 'ayah', 'kandung', 'korban', 'terima', 'kasih', 'bang', 'anakkolong', 'yg', 'memviralkan', 'kasus', 'ini', 'hingga', 'mendapat', 'perhatian', 'dari', 'aparat', 'berharap', 'pemda', 'dinsos', 'amp', 'ibu2', 'bhayangkari', 'blora', 'memberi', 'perhatian', 'kpd', 'korban', 'amp', 'bayi', '']; anakkolong polresblora ariefrohman 838 divhumas polri appresiasi kinerja kepolisian amp bupati tlh menangkap pelaku yg ayah kandung korban terima kasih bang anakkolong yg memviralkan perhatian aparat berharap pemda dinsos amp ibu2 bhayangkari blora perhatian kpd korban amp bayi ;positif
1,61465E+18;15/01/2023 22:48; kompastv terimakasi eliezer krn kebetanianmu utk berkata jujur maka kami tau keborokan2 kinerja oleh sekelompok polisi di dlm tubuh polri tanpah kejujuranmu tdk akan mungkin ada 95 polisi terlibt dlm perintangan penyelidikan thank you icad ; KompasTV Terimakasi Eliezer krn kebetanianmu utk berkata jujur maka kami tau keborokan2 kinerja oleh sekelompok polisi di dlm tubuh Polri tanpah kejujuranmu tdk akan mungkin ada 95 polisi terlibt dlm perintangan penyelidikan Thank you Icad ;['', 'kompastv', 'terimakasi', 'eliezer', 'krn', 'kebetanianmu', 'utk', 'berkata', 'jujur', 'maka', 'kami', 'tau', 'keborokan2', 'kinerja', 'oleh', 'sekelompok', 'polisi', 'di', 'dlm', 'tubuh', 'polri', 'tanpah', 'kejujuranmu', 'tdk', 'akan', 'mungkin', 'ada', '95', 'polisi', 'terlibt', 'dlm', 'perintangan', 'penyelidikan', 'thank', 'you', 'icad', '']; kompastv terimakasi eliezer krn kebetanianmu utk jujur tau keborokan2 kinerja sekelompok polisi dlm tubuh polri tanpah kejujuranmu tdk 95 polisi terlibt dlm perintangan penyelidikan thank you icad ;negatif
1,61458E+18;15/01/2023 18:16;gebyar vaksinasi covid 19 dan jumat curhat polres kediri kapolres kediri akbp agung setyo nugroho s i k terjun langsung ke masyarakat untuk mendengarkan keluhan kinerja polri divisihumaspolri humaspoldajatim pidpolreskediri polripresisi polreskediri kediri https t co yalhrcku5n;GEBYAR VAKSINASI COVID 19 DAN JUMAT CURHAT POLRES KEDIRI Kapolres Kediri AKBP Agung Setyo Nugroho S I K terjun langsung ke masyarakat untuk mendengarkan keluhan kinerja Polri divisihumaspolri humaspoldajatim pidpolreskediri polripresisi polreskediri kediri https t co YalHrcKu5N;['gebyar', 'vaksinasi', 'covid', '19', 'dan', 'jumat', 'curhat', 'polres', 'kediri', 'kapolres', 'kediri', 'akbp', 'agung', 'setyo', 'nugroho', 's', 'i', 'k', 'terjun', 'langsung', 'ke', 'masyarakat', 'untuk', 'mendengarkan', 'keluhan', 'kinerja', 'polri', 'divisihumaspolri', 'humaspoldajatim', 'pidpolreskediri', 'polripresisi', 'polreskediri', 'kediri', 'https', 't', 'co', 'yalhrcku5n'];gebyar vaksinasi covid 19 jumat curhat polres kediri kapolres kediri akbp agung setyo nugroho s i k terjun langsung masyarakat mendengarkan keluhan kinerja polri divisihumaspolri humaspoldajatim pidpolreskediri polripresisi polreskediri kediri https t co yalhrcku5n;positif
1,61452E+18;15/01/2023 14:15;rt lintang ayoe naydonuts divhumas polri kpk ri kejaksaanri endingnya ribuan ton beras ditimbun dibiarkan membusuk dholim banget diat ;RT lintang ayoe NayDonuts DivHumas Polri KPK RI KejaksaanRI Endingnya ribuan ton beras ditimbun dibiarkan membusuk dholim banget diat ;['rt', 'lintang', 'ayoe', 'naydonuts', 'divhumas', 'polri', 'kpk', 'ri', 'kejaksaanri', 'endingnya', 'ribuan', 'ton', 'beras', 'ditimbun', 'dibiarkan', 'membusuk', 'dholim', 'banget', 'diat', ''];rt lintang ayoe naydonuts divhumas polri kpk ri kejaksaanri endingnya ribuan ton beras ditimbun dibiarkan membusuk dholim banget diat ;negatif
1,61451E+18;15/01/2023 13:32; pentoluratt joblessbahagia krimerha kok isinya yang ketangkep semua ya artinya pada gagal ikut pendidikan dong alhamdulillah emang bagus kinerja kepolisian mana nih yang suap lanjut ampe pendidkan; PentolUratt joblessbahagia KrimErha Kok isinya yang ketangkep semua ya artinya pada gagal ikut pendidikan dong alhamdulillah emang bagus kinerja kepolisian mana nih yang suap lanjut ampe pendidkan;['', 'pentoluratt', 'joblessbahagia', 'krimerha', 'kok', 'isinya', 'yang', 'ketangkep', 'semua', 'ya', 'artinya', 'pada', 'gagal', 'ikut', 'pendidikan', 'dong', 'alhamdulillah', 'emang', 'bagus', 'kinerja', 'kepolisian', 'mana', 'nih', 'yang', 'suap', 'lanjut', 'ampe', 'pendidkan']; pentoluratt joblessbahagia krimerha isinya ketangkep ya gagal pendidikan alhamdulillah emang bagus kinerja kepolisian nih suap ampe pendidkan;negatif
1,61448E+18;15/01/2023 11:27; republikaonline apa pak polisi ini menjelekkan kinerja presiden dan pemerintah karena gagal menyediakan lapangan kerja ; republikaonline apa pak polisi ini menjelekkan kinerja presiden dan pemerintah karena gagal menyediakan lapangan kerja ;['', 'republikaonline', 'apa', 'pak', 'polisi', 'ini', 'menjelekkan', 'kinerja', 'presiden', 'dan', 'pemerintah', 'karena', 'gagal', 'menyediakan', 'lapangan', 'kerja', '']; republikaonline polisi menjelekkan kinerja presiden pemerintah gagal menyediakan lapangan kerja ;negatif
1,61444E+18;15/01/2023 08:56;halo sobat humas divisi propam mabes polri telah meluncurkan aplikasi whatsapp pelayanan pengaduan presisi propam polri dengan nomor wa 081210106700 ayo kita manfaatkan untuk kemajuan dan tingkatkan kinerja polri dalam melayani melindungi dan mengayomi masyarakat https t co flyscatvk2;Halo Sobat Humas Divisi Propam Mabes Polri telah meluncurkan aplikasi WhatsApp Pelayanan Pengaduan Presisi Propam Polri dengan Nomor WA 081210106700 Ayo kita manfaatkan untuk kemajuan dan tingkatkan kinerja Polri dalam melayani melindungi dan mengayomi masyarakat https t co flyScaTVk2;['halo', 'sobat', 'humas', 'divisi', 'propam', 'mabes', 'polri', 'telah', 'meluncurkan', 'aplikasi', 'whatsapp', 'pelayanan', 'pengaduan', 'presisi', 'propam', 'polri', 'dengan', 'nomor', 'wa', '081210106700', 'ayo', 'kita', 'manfaatkan', 'untuk', 'kemajuan', 'dan', 'tingkatkan', 'kinerja', 'polri', 'dalam', 'melayani', 'melindungi', 'dan', 'mengayomi', 'masyarakat', 'https', 't', 'co', 'flyscatvk2'];halo sobat humas divisi propam mabes polri meluncurkan aplikasi whatsapp pelayanan pengaduan presisi propam polri nomor wa 081210106700 ayo manfaatkan kemajuan tingkatkan kinerja polri melayani melindungi mengayomi masyarakat https t co flyscatvk2;positif
1,61443E+18;15/01/2023 07:53; sundingjalila kinerja tni polri semakin bagus; sundingjalila Kinerja TNI polri semakin bagus;['', 'sundingjalila', 'kinerja', 'tni', 'polri', 'semakin', 'bagus']; sundingjalila kinerja tni polri bagus;positif
1,61424E+18;14/01/2023 19:52;melihat kilas balik kerugian yang terjadi di masyarakat kinerja ojk dinilai tak mampu memberikan perlindungan terhadap investasi masyarakat kuatbaca kuatbacacom ojk kpk polri;Melihat kilas balik kerugian yang terjadi di masyarakat kinerja OJK dinilai tak mampu memberikan perlindungan terhadap investasi masyarakat kuatbaca kuatbacacom ojk kpk polri;['melihat', 'kilas', 'balik', 'kerugian', 'yang', 'terjadi', 'di', 'masyarakat', 'kinerja', 'ojk', 'dinilai', 'tak', 'mampu', 'memberikan', 'perlindungan', 'terhadap', 'investasi', 'masyarakat', 'kuatbaca', 'kuatbacacom', 'ojk', 'kpk', 'polri'];kilas kerugian masyarakat kinerja ojk dinilai perlindungan investasi masyarakat kuatbaca kuatbacacom ojk kpk polri;negatif
1,61423E+18;14/01/2023 18:42; yudiharahap46 dedikasi semangat amp perjuangan gigih kalian dlm membangun masyarakat utk bersama sama melawan praktek2 korupsi membuat kami rakyat lemah tak berdaya smakin mencintai serta mendukung upaya2 yg dilakukan oleh kpk amp di jajaran kepolisian smoga kinerja kalian diberikan kemudahan ; yudiharahap46 Dedikasi Semangat amp Perjuangan Gigih Kalian Dlm Membangun Masyarakat Utk Bersama Sama Melawan Praktek2 Korupsi Membuat Kami Rakyat Lemah Tak Berdaya Smakin Mencintai Serta Mendukung Upaya2 Yg Dilakukan Oleh KPK amp Di Jajaran Kepolisian Smoga Kinerja Kalian Diberikan Kemudahan ;['', 'yudiharahap46', 'dedikasi', 'semangat', 'amp', 'perjuangan', 'gigih', 'kalian', 'dlm', 'membangun', 'masyarakat', 'utk', 'bersama', 'sama', 'melawan', 'praktek2', 'korupsi', 'membuat', 'kami', 'rakyat', 'lemah', 'tak', 'berdaya', 'smakin', 'mencintai', 'serta', 'mendukung', 'upaya2', 'yg', 'dilakukan', 'oleh', 'kpk', 'amp', 'di', 'jajaran', 'kepolisian', 'smoga', 'kinerja', 'kalian', 'diberikan', 'kemudahan', '']; yudiharahap46 dedikasi semangat amp perjuangan gigih dlm membangun masyarakat utk melawan praktek2 korupsi rakyat lemah berdaya smakin mencintai mendukung upaya2 yg kpk amp jajaran kepolisian smoga kinerja kemudahan ;positif
